0	0	0	0	0	0	0	2	24	147	72	0	0	0	0	0	0	93	24	39	27	0	0	0	0	0	0	0	0	0	0	0	0	0	78	107	39	53	173	176	209	134	132	255	14	81	145	141	94	30	0	1	0	0	0	0	0	0	0	0	2	112	33	74	93	27	61	107	129	87	161	132	93	126	56	13	49	116	23	0	0	0	0	0	0	0	0	0	46	129	136	53	88	62	39	14	13	49	11	1	167	83	81	10	11	61	45	0	0	0	0	0	0	0	0	0	144	75	30	74	100	53	120	17	69	120	51	99	109	0	113	64	122	32	27	0	0	0	0	0	0	0	0	21	88	52	148	91	24	81	64	49	17	46	78	106	0	113	80	100	84	4	78	7	0	0	0	0	0	0	0	138	211	0	78	148	14	74	78	68	45	48	75	43	67	107	51	46	29	126	49	8	0	0	0	0	0	0	0	78	94	29	122	158	8	56	69	26	23	51	42	36	91	46	37	88	24	136	110	13	0	0	0	0	0	0	0	0	55	39	141	84	142	65	29	234	14	164	51	100	30	34	56	198	155	0	129	39	0	0	0	0	0	0	0	0	102	78	80	48	115	75	75	170	29	87	40	119	75	115	8	170	158	46	102	51	0	0	0	0	0	0	0	0	96	55	112	125	2	10	29	109	30	214	1	113	61	164	51	80	102	72	5	123	0	0	0	0	0	0	0	0	85	34	150	182	56	42	151	74	94	155	51	97	10	69	80	134	43	142	91	84	0	0	0	0	0	0	0	2	68	134	131	71	21	32	252	65	145	80	14	120	23	93	171	24	13	80	88	75	4	0	0	0	0	0	0	18	46	180	182	24	122	90	206	94	123	71	61	109	80	53	58	51	40	100	49	126	34	0	0	0	0	0	0	10	75	34	96	123	36	67	88	173	118	87	204	27	88	186	81	30	1	139	30	109	1	0	0	0	0	0	0	11	97	56	174	102	21	58	56	72	78	55	56	8	85	78	21	174	26	214	46	150	8	0	0	0	0	0	0	20	139	58	190	68	65	116	65	93	34	96	128	37	190	52	64	126	18	167	72	75	14	0	0	0	0	0	0	42	94	72	224	36	107	39	78	71	51	65	69	77	83	52	148	64	11	150	55	160	45	0	0	0	0	0	0	61	109	48	126	100	139	17	129	110	37	24	72	138	17	83	46	42	7	120	87	65	51	0	0	0	0	0	0	23	56	51	145	136	1	125	141	109	122	88	40	187	52	32	107	123	40	118	81	68	104	0	0	0	0	0	0	81	53	103	198	100	11	119	37	11	113	52	30	33	51	74	167	53	32	135	183	78	18	0	0	0	0	0	0	118	93	198	48	69	107	145	36	102	67	78	43	87	75	67	96	65	0	97	177	71	42	0	0	0	0	0	0	68	77	157	83	5	176	189	53	91	58	46	135	93	107	68	37	74	37	97	129	75	81	0	0	0	0	0	0	45	49	128	125	16	88	32	29	110	91	51	37	51	18	55	120	83	36	88	171	78	45	0	0	0	0	0	0	58	139	158	61	0	0	0	0	0	0	0	0	0	0	0	0	0	0	33	199	148	23	0	0	0	0	0	0	18	88	183	118	0	5	1	1	0	2	0	0	0	0	0	1	2	0	33	193	80	90	0	0	0	0	0	0	135	129	132	61	0	4	0	0	0	0	0	0	0	0	0	0	1	0	26	171	84	129	0	0	0	0	0	0	0	23	0	0	0	0	0	0	0	0	0	0	0	0	0	0	0	0	0	2	0	0	0	0	0
0	0	0	0	0	0	0	0	0	0	0	0	0	0	0	0	0	0	0	0	0	0	0	0	0	0	0	0	0	0	0	0	0	0	0	0	0	0	0	0	0	0	0	0	0	0	0	0	0	0	0	0	0	0	0	0	0	0	0	0	0	0	0	0	0	0	0	0	0	0	0	0	0	0	0	0	0	0	0	0	0	0	0	0	0	0	0	0	0	0	0	0	0	0	0	0	0	0	0	0	0	0	0	0	0	0	0	0	0	0	0	0	0	0	0	0	0	0	0	0	0	0	0	0	0	0	0	0	0	0	0	0	0	0	0	0	0	0	0	0	0	0	0	0	0	0	0	0	0	0	0	0	0	0	0	0	6	106	59	0	0	1	0	0	2	2	2	0	0	0	0	0	0	0	0	0	0	0	0	1	0	12	106	53	122	149	153	101	0	0	0	0	0	0	0	0	0	0	0	0	0	0	0	0	1	0	1	2	0	72	140	137	125	97	132	164	155	82	60	52	49	47	0	0	0	0	0	0	0	0	0	0	5	0	2	0	16	126	90	107	91	138	129	171	205	203	160	179	165	161	58	0	0	0	0	0	0	0	0	0	0	4	5	0	0	172	175	89	129	222	175	255	196	167	192	186	172	172	78	0	0	0	0	0	0	0	0	0	0	1	0	0	53	163	175	214	253	195	164	172	174	183	167	157	156	163	79	0	0	0	0	0	0	0	0	1	2	0	0	33	143	223	94	141	179	110	206	194	194	198	201	190	174	201	122	0	0	0	0	2	2	1	1	0	0	0	53	167	126	128	126	128	91	161	191	213	183	174	182	171	175	186	138	0	0	1	0	0	0	0	0	0	47	86	168	223	70	124	140	98	133	211	157	191	184	195	190	179	171	155	178	39	0	0	0	5	21	43	71	111	172	199	95	102	157	126	94	116	190	187	161	163	190	194	156	161	159	149	190	51	0	29	82	109	122	116	145	109	172	156	98	148	126	94	118	157	221	176	168	167	174	147	164	156	167	144	184	52	39	143	102	99	93	99	124	101	90	107	130	117	105	124	140	245	205	174	163	186	155	155	196	161	171	156	183	76	49	157	125	121	111	116	107	103	121	130	126	121	148	133	167	214	174	171	174	190	152	168	176	160	153	163	187	87	0	16	83	138	170	188	182	175	164	171	167	171	176	167	179	194	191	190	192	192	184	202	202	202	196	184	213	87	25	9	0	2	21	56	86	120	134	151	165	187	195	221	230	217	226	221	206	194	180	190	161	130	102	66	35	21	12	31	41	24	21	8	1	0	0	1	0	5	6	14	21	16	14	6	1	0	6	1	0	1	1	14	24	32	0	0	21	32	41	53	60	60	53	52	51	53	53	51	45	45	45	47	51	56	64	58	62	66	64	63	59	47	0	0	0	0	0	6	10	14	28	36	39	44	47	51	51	51	51	51	52	52	41	36	32	26	28	16	14	5	0	0	0	0	0	0	0	0	0	0	0	0	0	0	0	0	0	0	0	0	0	0	0	0	0	0	0	0	0	0	0	0	0	0	0	0	0	0	0	0	0	0	0	0	0	0	0	0	0	0	0	0	0	0	0	0	0	0	0	0	0	0	0	0	0	0	0	0	0	0	0	0	0	0	0	0	0	0	0	0	0	0	0	0	0	0	0	0	0	0	0	0	0	0	0	0	0	0	0	0	0	0	0	0	0	0	0	0	0	0	0	0	0	0	0	0	0	0	0	0	0	0	0	0	0	0	0	0	0	0	0	0	0	0	0	0	0	0	0	0
0	0	0	0	0	0	0	0	0	0	3	0	0	71	130	131	37	0	0	0	0	0	0	0	0	0	0	0	0	0	0	0	0	0	0	0	0	9	0	0	165	165	100	108	176	131	0	5	0	1	1	0	0	0	0	0	0	0	0	0	0	0	0	0	0	3	0	184	143	0	0	0	0	166	71	0	6	0	0	0	0	0	0	0	0	0	0	0	0	0	0	0	7	0	99	188	0	1	1	7	0	18	158	0	1	5	0	0	0	0	0	0	0	0	0	0	0	0	0	0	4	0	167	74	0	3	0	0	6	0	145	22	0	6	0	0	0	0	0	0	0	0	0	0	0	0	0	0	0	0	172	0	0	0	0	0	10	0	124	79	0	6	0	1	0	1	0	0	0	0	0	0	4	5	4	2	0	0	219	0	0	1	2	4	7	0	161	114	0	4	1	7	6	1	0	0	0	0	0	0	0	0	0	0	0	0	202	0	0	0	0	0	0	0	170	116	0	0	0	0	0	0	2	0	0	1	2	0	32	48	33	24	0	0	179	0	0	0	0	0	0	0	193	96	0	0	0	0	26	0	0	0	0	2	0	0	204	242	225	220	255	210	230	215	219	214	213	208	212	217	233	225	255	255	229	233	229	5	0	0	4	0	0	163	237	223	228	226	229	227	222	232	232	235	238	239	241	241	229	232	238	239	243	230	231	164	0	0	7	0	0	226	231	224	231	228	228	224	225	227	225	223	221	224	224	226	232	229	235	242	238	229	223	211	0	0	1	0	52	168	232	224	235	231	231	222	221	228	228	230	230	232	233	234	231	226	239	238	238	232	217	206	0	0	0	106	229	118	238	216	238	233	232	230	228	234	232	232	231	232	234	235	238	239	240	236	238	233	214	209	0	0	0	233	55	147	255	214	237	234	234	236	234	237	235	235	235	237	238	239	237	239	236	233	234	234	213	229	27	0	0	255	0	207	247	221	236	235	237	239	239	238	239	238	237	238	238	238	235	234	233	233	233	236	213	232	74	0	0	250	0	252	234	227	239	238	240	240	240	240	240	240	239	238	235	235	237	236	234	232	231	232	216	228	132	0	0	219	0	255	228	230	241	239	241	242	242	242	242	241	240	238	236	235	238	236	234	232	229	234	223	222	179	0	2	198	0	255	218	232	241	239	241	240	240	240	241	239	238	238	237	237	239	237	233	230	231	234	221	222	210	0	3	170	22	255	217	234	238	239	240	239	240	241	243	241	236	234	235	238	241	236	233	232	232	232	229	222	231	0	4	164	75	255	221	237	240	241	242	240	241	241	242	240	237	235	237	239	241	237	234	234	232	232	230	221	244	4	0	136	134	249	221	239	242	241	242	239	239	239	240	238	235	235	238	242	239	236	234	235	232	233	230	223	255	36	0	143	196	242	227	238	242	240	240	236	238	238	238	237	234	233	238	244	239	237	235	236	234	236	232	226	234	60	0	124	240	233	238	235	239	239	243	239	227	225	229	225	227	229	232	234	229	228	227	228	228	229	226	222	236	76	0	12	243	244	242	247	246	243	234	236	244	246	246	243	246	247	246	244	244	244	244	244	242	241	244	244	255	141	0	63	242	212	230	230	217	227	231	223	142	163	160	158	157	155	152	148	134	135	135	135	135	129	114	94	105	30	0	55	226	242	245	255	255	245	252	251	0	0	0	0	0	0	0	0	0	0	0	0	0	0	0	0	0	0	0	0	0	54	75	107	118	114	81	35	0	0	2	0	0	0	0	1	2	2	2	3	2	1	1	1	2	0
0	0	0	0	0	0	0	0	0	0	0	0	1	0	0	108	164	194	192	186	168	150	123	68	30	0	0	0	0	0	0	0	0	0	0	0	0	0	0	0	2	0	0	229	215	223	219	241	240	233	255	255	230	216	238	26	0	0	0	0	0	0	0	0	0	0	0	0	1	0	0	202	210	219	199	225	205	204	216	212	227	245	214	0	0	0	0	0	0	0	0	0	0	0	0	0	1	0	0	218	212	217	203	219	220	212	230	217	219	239	193	0	0	0	0	0	0	0	0	0	0	0	0	0	2	0	0	228	204	213	187	232	210	200	220	199	224	241	141	0	0	0	0	0	0	0	0	0	0	0	0	0	4	0	9	235	204	208	198	230	205	211	232	200	229	248	77	0	0	0	0	0	0	0	0	0	0	0	0	0	5	0	14	212	196	207	197	230	212	206	228	196	222	244	40	0	0	0	0	0	0	0	0	0	0	0	0	0	6	0	26	215	199	220	203	237	212	219	230	192	219	229	6	0	0	0	0	0	0	0	0	0	0	0	0	0	6	0	25	208	202	225	205	232	214	208	229	192	224	221	0	0	0	0	0	0	0	0	0	0	0	0	0	0	6	0	62	208	199	212	203	232	211	213	229	191	232	248	0	0	0	0	0	0	0	0	0	0	0	0	0	0	6	0	114	212	211	216	210	237	207	216	231	192	237	211	0	0	0	0	0	0	0	0	0	0	0	0	0	0	0	0	141	214	207	206	209	236	205	216	231	193	232	204	0	0	0	0	0	0	0	0	0	0	0	0	0	0	0	0	174	219	215	202	207	234	211	221	229	190	230	237	0	0	0	0	0	0	0	0	0	0	0	0	0	1	0	0	169	211	209	208	216	231	208	224	225	216	221	210	0	0	0	0	0	0	0	0	0	0	0	0	0	6	0	41	231	217	213	209	216	235	209	224	224	216	206	223	34	0	0	0	0	0	0	0	0	0	0	0	0	0	0	141	212	224	226	205	218	235	207	226	225	207	204	226	131	0	0	0	0	0	0	0	0	0	0	1	7	0	78	192	208	216	211	200	231	221	221	223	196	178	189	213	227	0	0	0	0	0	0	0	0	0	0	4	0	5	161	150	252	217	214	205	238	239	221	178	141	130	191	202	255	6	0	0	1	2	3	3	2	3	6	0	0	174	86	14	229	209	214	210	199	170	141	159	181	178	202	208	255	37	0	0	0	0	0	0	0	0	0	0	118	160	78	122	177	178	181	185	206	209	219	244	240	223	222	215	255	52	0	0	0	0	18	0	0	0	53	145	55	113	243	237	222	227	237	231	222	220	219	220	214	219	214	206	251	120	0	0	107	137	139	165	191	210	179	86	121	236	215	213	214	241	222	218	216	216	216	213	215	211	211	203	251	81	0	21	224	197	146	147	184	163	133	187	240	207	208	222	233	220	212	219	251	233	221	224	218	217	212	205	253	66	0	89	214	217	234	229	213	196	209	212	208	210	210	218	226	208	221	255	155	16	240	222	221	221	212	206	253	53	0	133	227	201	200	210	222	228	232	215	208	191	195	221	210	226	255	79	0	0	255	220	220	218	213	211	255	45	0	11	154	209	227	224	216	207	207	210	203	221	209	203	224	205	21	0	0	0	249	218	216	208	206	207	243	29	0	0	0	0	77	168	213	252	255	255	255	222	237	255	112	0	0	4	0	2	255	231	234	232	223	223	255	12	0	1	0	0	0	0	0	4	45	88	137	36	101	104	0	0	4	1	0	0	159	101	139	212	176	193	199	0
0	0	0	0	0	0	0	0	0	0	0	0	0	11	23	0	0	0	0	1	0	0	0	0	0	0	0	0	0	0	0	0	0	0	0	0	2	0	0	119	181	213	222	211	205	99	0	0	1	0	0	0	0	0	0	0	0	0	0	0	0	0	0	0	7	0	97	237	209	221	220	222	224	242	133	0	5	0	0	0	0	0	0	0	0	0	0	0	0	0	0	0	0	0	170	226	219	222	223	227	215	229	192	0	0	1	0	0	0	0	0	0	0	0	0	0	0	0	0	1	0	0	173	223	220	224	234	244	227	220	230	0	0	1	0	0	0	0	0	0	0	0	0	0	0	0	0	0	0	0	192	218	205	222	216	233	206	212	238	0	0	0	1	0	0	0	0	0	0	0	0	0	0	1	0	0	107	194	223	220	221	210	193	212	215	217	217	188	127	0	0	2	0	0	0	0	0	0	0	0	0	1	0	81	232	216	211	217	232	201	190	217	220	212	211	215	236	146	0	0	0	0	0	0	0	0	0	0	0	0	0	187	213	204	215	211	211	213	204	206	205	210	207	208	206	200	0	0	0	0	0	0	0	0	0	0	0	0	49	222	211	207	212	212	211	212	201	205	210	207	210	212	204	220	63	0	0	0	0	0	0	0	0	0	0	0	130	226	214	205	207	209	208	210	201	206	209	205	208	208	205	218	142	0	0	0	0	0	0	0	0	0	0	0	190	224	220	198	205	201	200	207	200	208	207	205	209	207	208	213	207	0	0	0	0	0	0	0	0	0	0	0	222	217	225	204	208	201	203	208	200	206	208	207	209	205	210	213	220	0	0	0	0	0	0	0	0	0	0	3	242	209	223	208	210	205	204	209	200	205	208	206	207	203	210	211	239	0	0	0	0	0	0	0	0	0	0	43	250	204	224	206	219	207	203	210	200	205	208	205	206	202	212	211	243	41	0	0	0	0	0	0	0	0	0	82	245	204	230	197	218	213	201	211	200	204	210	205	206	200	219	214	241	89	0	0	0	0	0	0	0	0	0	96	241	198	239	204	205	216	206	209	203	204	209	205	206	202	216	211	243	109	0	0	0	0	0	0	0	0	0	104	242	197	235	212	208	212	213	210	203	206	210	203	206	205	217	212	236	114	0	0	0	0	0	0	0	0	0	120	236	199	233	213	208	210	211	213	201	207	215	206	207	205	231	209	230	129	0	0	0	0	0	0	0	0	0	136	231	200	234	219	211	215	210	216	203	205	212	214	210	202	233	221	222	155	0	0	0	0	0	0	0	0	0	145	231	199	229	219	212	210	208	214	207	208	207	207	208	206	232	220	215	175	0	0	0	0	0	0	0	0	0	158	230	202	238	219	211	206	209	217	208	212	211	208	208	206	230	209	214	177	0	0	0	0	0	0	0	0	0	167	229	211	228	233	213	208	211	217	208	212	212	208	211	213	240	213	219	172	0	0	0	0	0	0	0	0	0	161	218	240	104	187	217	212	210	213	203	209	210	209	211	192	209	224	216	174	0	0	0	0	0	0	0	0	0	164	210	224	73	212	232	220	216	217	210	213	215	220	227	205	184	225	212	167	0	0	0	0	0	0	0	0	0	187	211	225	80	135	254	204	200	202	203	202	204	206	255	169	157	229	209	184	0	0	0	0	0	0	0	0	0	174	220	229	76	0	0	0	0	0	0	0	0	0	0	0	84	235	221	135	0	0	0	0	0	0	0	0	0	0	19	26	0	0	0	0	0	0	0	0	0	0	0	0	0	28	38	0	0	0	0	0
0	0	0	0	0	0	0	1	21	35	89	233	165	124	112	117	148	217	87	8	12	0	0	0	0	0	0	0	0	0	0	0	0	1	85	87	105	78	51	213	212	153	199	201	185	183	65	89	101	94	46	0	0	0	0	0	0	0	0	0	0	112	89	41	58	60	53	19	35	26	26	28	33	23	49	55	53	60	78	51	0	0	0	0	0	0	0	0	32	114	46	74	60	65	64	76	82	46	57	46	44	57	71	80	74	55	57	96	0	0	0	0	0	0	0	0	57	115	55	69	65	67	64	71	64	44	51	51	83	46	71	65	57	62	57	94	16	0	0	0	0	0	0	0	62	105	49	78	78	55	67	53	57	58	42	49	57	58	65	60	69	58	64	76	30	0	0	0	0	0	0	0	99	98	57	76	71	60	78	58	42	44	60	44	65	62	74	62	44	53	55	87	53	0	0	0	0	0	0	0	83	71	58	71	96	67	37	46	69	33	58	42	44	53	33	46	73	49	58	74	51	0	0	0	0	0	0	0	69	65	76	80	110	67	57	57	30	37	49	44	58	32	58	71	74	67	99	49	49	0	0	0	0	0	0	0	76	44	87	82	121	69	46	37	65	46	32	51	57	35	41	35	73	69	92	58	62	0	0	0	0	0	0	0	71	41	64	101	110	65	65	49	41	55	42	49	39	57	44	65	74	73	96	49	55	0	0	0	0	0	0	0	71	48	89	133	92	82	80	67	44	49	64	44	58	65	73	49	65	112	83	57	57	0	0	0	0	0	0	0	62	48	67	119	87	74	53	48	65	44	58	42	58	33	41	53	64	121	94	49	48	0	0	0	0	0	0	0	67	62	67	98	94	76	64	74	49	51	53	46	49	51	67	78	69	73	96	60	60	0	0	0	0	0	0	0	64	60	58	89	106	67	64	60	65	42	39	74	39	49	58	44	76	55	96	55	53	0	0	0	0	0	0	0	64	57	67	51	124	57	57	57	58	57	41	49	42	46	51	73	71	33	101	60	58	0	0	0	0	0	0	0	65	53	60	30	114	62	85	55	46	53	44	46	58	62	49	51	80	46	90	55	44	0	0	0	0	0	0	0	65	73	73	57	106	65	62	58	60	57	57	51	49	51	48	51	78	46	101	76	58	0	0	0	0	0	0	0	74	74	53	62	98	62	62	71	51	57	51	37	53	53	62	65	87	48	99	67	48	0	0	0	0	0	0	0	69	69	58	83	99	57	69	62	53	53	46	69	44	71	60	44	87	57	105	73	42	0	0	0	0	0	0	0	60	67	57	85	94	58	46	57	67	51	44	64	48	42	44	62	82	62	99	76	41	0	0	0	0	0	0	0	57	62	53	87	78	64	74	49	49	58	49	51	60	69	58	41	67	76	96	71	42	0	0	0	0	0	0	0	58	71	62	101	73	51	60	49	57	69	65	58	55	55	51	46	65	94	89	80	39	0	0	0	0	0	0	0	0	0	7	124	74	57	60	65	64	67	60	62	55	55	53	53	76	78	0	0	0	0	0	0	0	0	0	0	0	0	1	133	64	71	73	73	76	78	73	76	78	76	67	58	76	83	0	0	0	0	0	0	0	0	0	0	1	0	5	110	94	44	62	67	67	69	71	69	69	65	60	57	74	87	0	0	0	0	0	0	0	0	0	0	1	0	16	105	255	83	64	76	82	83	78	78	78	78	74	71	92	105	0	0	0	0	0	0	0	0	0	0	0	0	0	21	149	24	14	30	35	37	39	39	39	41	41	33	41	37	0	0	0	0	0	0
0	0	0	0	0	0	20	186	125	111	103	96	52	1	0	21	57	70	68	73	82	0	0	0	0	0	0	0	0	0	0	0	0	0	145	245	229	253	253	253	254	252	251	254	254	253	230	228	240	55	0	0	0	0	0	0	0	0	0	0	0	0	175	226	210	211	208	205	214	217	218	218	211	208	206	198	220	109	0	0	0	0	0	0	0	0	0	0	0	20	229	195	218	222	216	218	217	213	216	220	215	211	212	216	233	171	0	0	0	0	0	0	0	0	0	0	0	46	125	0	207	228	221	222	218	214	213	216	217	219	210	188	37	194	0	0	0	0	0	0	0	0	0	0	0	0	0	0	180	225	223	226	219	217	215	218	218	223	226	153	0	0	0	0	0	0	0	0	0	0	0	0	0	0	2	0	154	229	221	223	220	218	217	219	219	217	218	120	0	0	0	0	0	0	0	0	0	0	0	0	0	0	0	0	157	230	220	224	219	219	218	216	221	211	222	77	0	3	0	0	0	0	0	0	0	0	0	0	0	0	0	0	145	233	221	226	221	222	221	216	220	215	225	76	0	3	0	0	0	0	0	0	0	0	0	0	0	0	0	0	176	231	214	220	213	223	224	208	211	204	226	120	0	0	0	0	0	0	0	0	0	0	0	0	0	1	0	0	243	227	217	221	214	227	229	211	214	210	219	221	0	0	1	0	0	0	0	0	0	0	0	0	0	2	0	49	229	221	220	221	216	229	231	212	215	213	211	220	26	0	2	0	0	0	0	0	0	0	0	0	0	3	0	120	236	222	222	221	214	231	235	212	216	215	210	230	100	0	2	0	0	0	0	0	0	0	0	0	0	0	0	166	237	224	219	222	214	232	238	213	217	216	210	229	151	0	0	0	0	0	0	0	0	0	0	0	0	0	0	218	230	225	220	224	214	234	241	216	219	214	206	226	215	0	0	0	0	0	0	0	0	0	0	0	0	0	0	212	227	222	220	224	214	236	243	215	222	214	206	224	207	0	0	0	0	0	0	0	0	0	0	0	0	0	25	229	223	223	220	224	214	239	245	216	222	212	208	219	226	26	0	0	0	0	0	0	0	0	0	0	0	0	66	237	220	221	222	225	214	243	246	221	222	210	207	216	234	62	0	0	0	0	0	0	0	0	0	0	0	0	103	238	220	218	222	226	215	246	247	223	223	210	207	216	234	109	0	0	0	0	0	0	0	0	0	0	0	0	140	239	220	216	221	225	215	248	249	222	225	207	207	219	233	152	0	0	0	0	0	0	0	0	0	0	0	0	172	236	221	216	220	225	213	250	250	222	227	204	209	220	229	184	0	0	0	0	0	0	0	0	0	0	0	0	205	232	221	213	221	224	212	252	251	221	229	202	210	223	222	215	0	0	0	0	0	0	0	0	0	0	0	0	246	226	227	211	224	224	215	253	253	222	231	201	210	224	218	237	0	0	0	0	0	0	0	0	0	0	0	0	253	225	231	212	223	225	218	254	253	224	230	201	209	226	218	249	3	0	0	0	0	0	0	0	0	0	0	39	227	222	226	211	224	224	221	254	254	224	232	203	208	221	215	216	44	0	0	0	0	0	0	0	0	0	0	137	253	242	246	216	217	217	216	250	250	227	221	196	215	236	228	237	123	0	0	0	0	0	0	0	0	0	0	51	156	180	174	238	255	234	255	255	255	255	239	253	221	215	205	197	79	0	0	0	0	0	0	0	0	0	0	0	0	0	0	48	138	158	137	4	0	107	132	135	0	0	0	0	0	0	0	0	0	0
0	0	0	0	0	0	5	1	0	0	22	227	229	221	212	213	191	0	0	0	2	4	0	0	0	0	0	0	0	0	0	0	1	0	0	0	0	0	158	247	222	227	235	232	255	100	0	0	0	0	0	1	0	0	0	0	0	0	0	2	0	0	72	173	226	250	220	220	239	192	225	232	226	231	246	196	166	55	0	0	0	0	0	0	0	0	0	0	0	172	230	232	226	224	221	222	223	236	241	220	226	228	232	235	237	235	147	0	0	0	0	0	0	0	0	0	66	237	210	212	218	222	229	223	240	229	222	240	224	227	224	222	216	220	234	16	0	0	0	0	0	0	0	6	186	216	216	218	220	233	226	239	236	216	223	235	230	228	227	226	225	219	230	164	0	0	0	0	0	0	0	191	224	211	221	221	225	215	86	124	233	228	223	231	227	226	227	222	220	226	214	227	144	0	0	0	0	0	0	0	177	228	215	223	228	181	157	134	233	215	206	235	229	228	223	230	228	219	227	213	62	0	0	0	0	0	0	0	0	151	237	227	220	236	239	244	241	225	223	230	227	228	226	221	238	246	194	28	0	0	0	0	0	0	0	0	0	0	130	239	207	222	221	222	226	221	219	230	225	230	221	222	194	96	0	0	0	0	0	0	0	0	0	0	2	0	0	10	217	222	222	224	227	231	226	231	224	223	221	241	66	0	0	6	0	0	0	0	0	0	0	2	1	3	0	0	252	225	224	228	228	229	232	230	232	229	224	243	90	0	7	2	1	0	0	0	0	0	0	0	0	1	0	0	197	236	225	230	233	230	231	231	230	229	234	218	0	0	2	0	0	0	0	0	0	0	0	0	0	0	3	0	113	241	223	230	232	230	230	230	232	227	236	196	0	0	1	0	0	0	0	0	0	0	0	0	0	0	8	0	68	233	223	227	229	229	229	229	230	225	238	154	0	0	0	0	0	0	0	0	0	0	0	0	0	0	6	0	44	229	223	228	228	230	229	229	230	222	241	120	0	3	0	0	0	0	0	0	0	0	0	0	0	0	5	0	41	228	220	227	227	230	229	228	228	222	240	117	0	3	0	0	0	0	0	0	0	0	0	0	0	0	7	0	62	233	218	228	230	229	228	228	227	222	237	159	0	0	0	0	0	0	0	0	0	0	0	0	0	0	2	0	107	235	218	228	228	229	228	227	227	222	232	197	0	0	0	0	0	0	0	0	0	0	0	0	0	0	0	0	182	229	220	226	226	226	226	226	227	223	226	192	0	0	1	0	0	0	0	0	0	0	0	0	0	1	0	0	196	221	221	225	225	226	227	227	227	223	222	211	0	0	3	0	0	0	0	0	0	0	0	0	0	4	0	36	219	216	220	223	223	225	225	225	225	222	217	229	52	0	7	0	0	0	0	0	0	0	0	0	0	8	0	69	227	213	220	222	222	221	221	221	221	222	215	233	78	0	8	0	0	0	0	0	0	0	0	0	0	8	0	79	229	211	219	221	221	220	220	220	220	221	215	234	83	0	9	0	0	0	0	0	0	0	0	0	0	7	0	94	228	210	216	219	218	220	220	220	220	217	212	231	91	0	9	0	0	0	0	0	0	0	0	0	0	6	0	135	226	213	210	212	210	212	212	212	213	213	207	228	114	0	8	0	0	0	0	0	0	0	0	0	0	6	0	150	223	192	229	253	255	255	255	255	255	227	224	243	138	0	7	0	0	0	0	0	0	0	0	0	1	2	0	0	69	81	105	83	87	89	89	89	88	86	82	74	0	0	4	0	0	0	0	0
0	0	0	0	0	0	0	0	0	31	218	205	218	216	114	224	221	189	207	54	0	0	0	0	0	0	0	0	0	0	0	0	0	0	0	0	0	94	255	225	225	235	218	217	224	203	255	126	0	0	0	0	0	0	0	0	0	0	0	0	0	0	0	0	0	126	237	219	220	227	209	213	220	226	231	152	0	0	0	0	0	0	0	0	0	0	0	0	0	0	0	0	0	154	255	224	225	226	223	213	222	230	217	178	0	0	0	0	0	0	0	0	0	0	0	0	0	0	0	0	0	187	244	217	229	234	217	219	234	197	213	195	0	0	0	0	0	0	0	0	0	0	0	0	0	0	0	0	0	208	235	216	217	207	238	224	206	200	212	200	0	0	0	0	0	0	0	0	0	0	0	0	0	0	0	0	0	221	234	215	217	233	211	215	203	208	209	203	0	0	0	0	0	0	0	0	0	0	0	0	0	0	0	0	0	221	240	220	205	251	62	224	204	208	211	199	0	0	0	0	0	0	0	0	0	0	0	0	0	0	0	0	0	217	236	228	208	240	26	225	200	209	213	198	0	0	0	0	0	0	0	0	0	0	0	0	0	0	0	0	0	209	236	231	226	228	0	231	211	211	209	193	0	0	0	0	0	0	0	0	0	0	0	0	0	0	0	0	0	199	234	232	230	223	0	233	215	209	201	188	0	0	0	0	0	0	0	0	0	0	0	0	0	0	0	0	0	190	228	232	231	219	0	221	217	210	196	183	0	0	0	0	0	0	0	0	0	0	0	0	0	0	0	0	0	181	223	233	230	208	0	208	222	206	197	193	0	0	0	0	0	0	0	0	0	0	0	0	0	0	0	0	0	178	216	231	231	191	0	192	224	207	202	198	0	0	0	0	0	0	0	0	0	0	0	0	0	0	0	0	0	177	211	224	237	178	0	172	224	202	198	197	0	0	0	0	0	0	0	0	0	0	0	0	0	0	0	0	0	175	216	217	241	160	0	154	225	196	195	196	0	0	0	0	0	0	0	0	0	0	0	0	0	0	0	0	0	173	223	211	242	149	0	130	222	192	203	193	0	0	0	0	0	0	0	0	0	0	0	0	0	0	0	0	0	174	224	210	240	123	0	105	213	192	211	197	0	0	0	0	0	0	0	0	0	0	0	0	0	0	0	0	0	177	220	211	238	102	0	89	210	192	206	198	0	0	0	0	0	0	0	0	0	0	0	0	0	0	0	0	0	178	227	214	238	86	0	67	211	193	197	188	0	0	0	0	0	0	0	0	0	0	0	0	0	0	0	0	0	172	224	219	239	65	0	48	213	200	201	181	0	0	0	0	0	0	0	0	0	0	0	0	0	0	0	0	0	169	220	214	235	44	0	31	216	212	217	190	0	0	0	0	0	0	0	0	0	0	0	0	0	0	0	0	0	159	221	215	231	17	0	0	213	211	218	184	0	0	0	0	0	0	0	0	0	0	0	0	0	0	0	0	0	154	222	214	224	0	0	0	204	207	213	181	0	0	0	0	0	0	0	0	0	0	0	0	0	0	0	0	0	146	226	217	217	0	0	0	197	208	211	182	0	0	0	0	0	0	0	0	0	0	0	0	0	0	0	0	0	141	225	219	208	0	0	0	189	210	215	172	0	0	0	0	0	0	0	0	0	0	0	0	0	0	0	0	0	148	228	226	204	0	0	0	186	210	220	191	0	0	0	0	0	0	0	0	0	0	0	0	0	0	0	0	0	111	208	212	175	0	0	0	163	198	200	142	0	0	0	0	0	0	0	0
0	0	0	0	0	0	3	0	0	0	28	120	96	57	160	120	126	147	34	0	0	0	0	0	0	0	0	0	0	0	0	0	0	3	0	3	94	99	112	132	180	145	255	223	202	135	129	142	106	0	0	3	0	0	0	0	0	0	0	0	0	1	0	106	102	90	85	70	85	106	93	76	58	69	99	103	94	54	0	1	0	0	0	0	0	0	0	0	0	0	3	112	100	72	73	105	90	79	57	97	91	97	81	112	103	114	0	0	0	0	0	0	0	0	0	0	0	0	31	102	127	105	84	87	58	96	85	87	61	91	82	85	100	84	21	0	0	0	0	0	0	0	0	0	0	0	57	90	121	130	46	100	76	82	48	93	79	78	55	85	123	106	30	0	0	0	0	0	0	0	0	0	0	0	75	87	124	160	52	93	49	93	76	85	49	88	85	82	127	84	51	0	0	0	0	0	0	0	0	0	0	0	114	42	118	177	19	109	76	81	46	88	82	81	52	75	142	108	75	0	0	0	0	0	0	0	0	0	0	0	109	85	130	189	45	102	49	84	78	81	42	81	87	87	148	72	81	0	0	0	0	0	0	0	0	0	0	4	138	24	108	166	18	102	73	78	40	81	78	78	37	90	151	96	91	0	0	0	0	0	0	0	0	0	0	3	123	66	97	156	57	96	39	84	73	84	43	82	73	90	135	75	85	4	0	0	0	0	0	0	0	0	0	45	130	12	94	153	25	108	75	81	39	81	85	87	45	82	124	105	97	6	0	0	0	0	0	0	0	0	0	39	117	49	144	141	66	99	45	88	73	85	39	84	87	79	120	82	78	34	0	0	0	0	0	0	0	0	0	81	106	12	114	136	49	96	72	72	39	82	76	78	49	69	112	117	90	48	0	0	0	0	0	0	0	0	0	64	102	66	84	124	102	90	52	106	88	88	43	88	97	79	108	115	69	61	0	0	0	0	0	0	0	0	0	90	93	58	7	88	46	76	55	52	13	76	55	60	24	48	76	132	90	78	0	0	0	0	0	0	0	0	0	91	57	45	91	234	178	159	115	129	133	135	105	124	159	154	189	111	16	66	0	0	0	0	0	0	0	0	0	111	136	130	189	205	172	211	213	177	213	202	204	189	199	183	184	189	180	94	0	0	0	0	0	0	0	0	0	115	247	171	186	189	168	193	208	136	184	192	193	183	171	160	183	189	189	96	0	0	0	0	0	0	0	0	0	0	0	0	225	171	166	183	226	150	183	196	204	201	174	163	189	165	0	0	0	0	0	0	0	0	0	0	0	0	0	67	232	142	172	178	216	153	184	190	190	210	166	171	180	234	0	0	0	0	0	0	0	0	0	0	0	3	0	142	226	142	165	190	205	144	189	193	187	213	160	178	172	207	27	0	0	0	0	0	0	0	0	0	0	0	0	163	214	154	160	201	204	144	187	199	190	220	159	181	168	217	61	0	0	0	0	0	0	0	0	0	0	0	0	178	202	156	162	208	199	148	187	205	196	225	159	181	168	216	117	0	0	0	0	0	0	0	0	0	0	0	4	193	192	159	166	216	196	154	180	204	195	228	157	183	169	205	169	0	0	0	0	0	0	0	0	0	0	0	37	201	180	169	163	205	183	159	166	205	199	211	154	166	178	189	174	0	0	0	0	0	0	0	0	0	0	0	108	202	189	201	198	219	219	201	189	246	229	222	190	202	193	190	199	24	0	0	0	0	0	0	0	0	0	0	28	73	73	87	99	112	114	112	82	112	118	126	111	103	99	93	120	3	0	0	0	0
0	0	0	0	0	0	0	0	0	0	0	0	0	0	0	0	0	0	0	0	0	0	0	0	0	0	0	0	0	0	0	0	0	0	0	0	0	0	0	0	0	0	0	0	0	0	0	0	0	0	0	0	0	0	0	0	0	0	0	0	0	0	0	0	0	0	0	0	0	0	0	0	0	0	0	0	0	0	0	0	0	0	0	0	0	0	0	0	0	0	0	0	0	0	0	0	0	0	0	0	0	0	0	0	0	0	0	0	0	0	0	0	0	0	0	0	0	0	0	0	0	0	0	0	0	0	0	69	66	1	0	0	0	0	31	156	149	59	0	0	0	0	0	0	0	0	0	0	0	0	0	0	1	0	1	163	202	164	143	146	173	175	202	231	243	189	0	0	0	0	0	0	0	0	0	0	0	0	1	0	2	0	76	179	197	237	251	245	247	246	223	200	223	150	0	0	0	0	0	0	0	0	0	0	0	0	1	0	0	0	138	177	197	230	226	222	226	230	218	207	225	175	0	0	0	0	0	0	0	0	0	0	0	0	1	1	0	15	164	168	207	230	227	227	232	239	211	212	227	196	0	0	0	0	0	0	0	0	0	0	0	0	1	4	0	65	176	153	224	235	225	227	232	233	212	220	216	204	0	0	0	0	0	0	0	0	0	0	0	0	1	0	0	133	162	159	227	227	224	230	236	231	210	220	211	223	48	0	0	0	0	0	0	0	0	0	0	0	3	0	56	175	149	180	240	218	225	231	235	226	213	220	216	229	157	0	0	0	0	0	1	0	0	2	0	5	0	8	135	143	128	196	230	215	226	232	230	216	212	229	222	218	235	0	1	0	0	1	1	2	1	0	1	0	0	109	138	119	129	222	227	218	220	224	223	216	212	219	215	211	216	52	0	0	2	2	0	1	1	1	1	0	64	148	136	104	139	240	220	211	213	200	196	207	209	211	211	203	212	64	0	2	2	0	0	2	0	0	0	50	122	132	153	118	150	223	199	200	204	196	186	186	191	204	210	216	226	58	7	0	0	0	0	0	0	16	88	130	130	141	144	158	143	184	206	215	207	206	220	227	254	242	237	191	171	52	0	1	103	131	126	119	126	151	157	139	141	144	156	172	175	175	189	207	225	223	210	148	115	89	64	55	85	76	0	128	157	144	143	145	145	132	144	145	157	168	177	186	192	193	207	203	182	115	68	79	89	106	121	123	137	86	14	163	185	182	170	160	163	169	172	179	185	186	185	198	203	192	162	98	75	63	37	121	132	116	118	112	116	81	36	78	125	179	206	212	213	212	210	205	204	199	203	190	141	83	70	45	12	0	0	113	122	110	116	113	126	88	39	109	77	59	76	105	142	150	153	157	157	141	117	77	74	45	3	0	0	0	0	106	116	113	111	111	122	94	0	1	55	106	113	101	94	83	85	77	84	86	105	113	27	0	0	3	2	0	1	122	123	130	135	126	138	110	0	0	0	0	2	21	37	50	61	65	61	34	16	0	0	3	0	0	0	0	0	57	52	41	55	43	41	18	0	0	0	0	0	0	0	0	0	0	0	0	0	0	0	0	0	0	0	0	0	0	0	0	0	0	0	0	0	0	0	0	0	0	0	0	0	0	0	0	0	0	0	0	0	0	0	0	0	0	0	0	0	0	0	0	0	0	0	0	0	0	0	0	0	0	0	0	0	0	0	0	0	0	0	0	0	0	0	0	0	0	0	0	0	0	0	0	0	0	0	0	0	0	0	0	0	0	0	0	0	0	0	0	0	0	0	0	0	0	0	0
0	0	0	0	0	1	0	0	0	0	0	0	0	0	0	0	0	0	0	0	0	0	1	0	0	0	0	0	0	0	0	0	1	0	0	0	16	99	222	235	207	224	213	225	232	213	125	57	0	0	0	3	0	0	0	0	0	0	0	0	0	0	168	209	239	247	235	234	252	204	198	251	237	237	245	244	221	123	0	0	0	0	0	0	0	0	0	0	0	176	254	235	227	224	226	226	224	222	215	226	226	225	223	223	229	251	158	0	0	0	0	0	0	0	0	0	89	254	223	229	227	227	228	229	227	228	229	228	226	224	231	227	226	222	249	72	0	0	0	0	0	0	0	0	165	250	229	230	229	230	229	229	229	227	227	228	228	228	227	227	229	224	243	177	0	0	0	0	0	0	0	0	204	245	232	231	230	229	229	229	228	228	228	228	228	228	227	227	226	229	240	215	0	0	0	0	0	0	0	0	253	240	235	232	232	229	229	229	228	228	228	228	228	228	227	227	225	236	238	234	0	0	0	0	0	0	0	0	255	237	238	237	229	231	230	229	228	228	228	228	229	228	229	223	232	239	233	254	0	0	0	0	0	0	0	8	255	234	241	250	227	233	232	230	229	229	229	229	230	229	230	219	244	241	231	255	0	0	0	0	0	0	0	35	255	233	242	252	227	233	231	230	229	228	229	229	228	230	228	218	254	241	229	255	0	0	0	0	0	0	0	61	255	232	247	255	235	229	232	230	229	229	229	229	229	229	227	217	254	244	227	255	5	0	0	0	0	0	0	91	255	231	255	164	214	240	230	230	229	228	228	228	228	229	226	231	198	245	228	255	38	0	0	0	0	0	0	96	255	230	255	91	206	246	229	230	230	228	228	228	228	229	222	246	156	236	231	255	72	0	0	0	0	0	0	124	255	234	255	58	230	241	229	230	230	228	228	228	228	228	219	254	130	210	239	255	99	0	0	0	0	0	0	165	254	240	255	38	244	233	231	230	230	228	228	228	229	229	218	254	127	180	247	238	138	0	0	0	0	0	0	194	235	243	255	8	254	229	232	229	228	228	227	228	228	231	220	254	135	150	255	233	170	0	0	0	0	0	0	196	235	243	254	0	255	227	231	229	228	228	227	227	227	229	220	254	133	136	255	231	180	0	0	0	0	0	0	198	234	241	240	0	255	226	230	228	227	227	226	227	226	226	221	254	136	121	255	234	189	0	0	0	0	0	0	194	231	246	206	0	255	226	227	226	226	226	225	225	225	225	222	253	147	114	255	229	190	0	0	0	0	0	0	194	230	251	185	0	255	230	226	225	227	227	226	225	225	225	222	252	167	108	255	228	191	0	0	0	0	0	0	191	230	252	173	0	255	228	227	227	228	228	227	226	225	225	223	243	188	92	255	230	190	0	0	0	0	0	0	183	228	254	151	0	255	225	228	225	227	226	226	226	225	226	223	238	202	74	255	229	189	0	0	0	0	0	0	166	229	254	123	0	255	224	225	224	227	226	224	223	223	225	222	227	215	35	255	226	192	0	0	0	0	0	0	153	231	254	116	0	245	228	227	227	227	229	229	228	228	228	225	232	216	0	255	225	191	0	0	0	0	0	0	127	230	247	99	0	255	212	217	221	223	223	221	219	217	215	214	227	195	7	234	221	180	0	0	0	0	0	0	161	246	252	126	0	0	0	0	0	0	0	0	0	0	0	0	0	0	60	254	239	199	0	0	0	0	0	0	19	52	51	15	0	0	0	0	0	0	0	0	0	0	0	0	0	0	10	137	110	70	0	0	0
0	0	0	0	0	0	0	0	0	0	0	0	0	0	0	0	0	0	0	0	0	0	0	0	0	0	0	0	0	0	0	0	0	0	0	0	0	0	0	0	0	0	0	0	0	0	0	0	0	0	0	0	0	0	0	0	0	0	0	0	0	0	0	0	0	0	0	0	0	0	0	0	0	0	0	0	0	0	0	0	0	0	0	0	0	0	0	0	0	0	0	0	0	0	0	0	0	0	0	0	0	0	0	0	0	0	0	0	0	0	0	0	0	0	0	0	0	0	0	0	0	0	0	0	0	0	0	0	0	0	0	0	0	0	0	0	0	0	0	0	0	0	0	0	0	0	0	0	0	0	0	0	0	0	0	0	0	0	0	0	0	0	0	0	0	0	0	0	0	0	0	0	0	0	0	0	0	0	0	0	0	0	0	0	0	0	0	0	0	0	0	0	0	0	0	0	0	0	0	0	0	0	0	0	0	0	0	0	0	0	0	0	0	0	0	0	0	0	0	0	0	0	0	0	0	0	0	0	0	0	0	0	0	0	0	1	0	48	90	0	0	2	2	0	0	0	0	2	5	0	0	0	0	0	0	0	0	0	0	0	2	1	1	0	31	157	180	137	0	0	0	2	2	1	2	1	0	0	40	3	0	0	0	0	0	0	0	0	0	2	9	0	66	182	170	165	213	78	0	0	0	0	0	0	50	137	202	79	0	0	0	0	0	0	2	4	0	0	0	0	95	130	180	200	125	201	138	20	0	0	32	139	181	213	197	51	0	2	2	5	2	2	0	0	0	0	23	132	90	0	6	142	182	150	202	227	159	172	216	186	196	159	40	0	3	0	0	0	0	0	0	24	81	86	215	51	0	2	0	0	163	221	207	213	214	196	196	193	179	2	0	2	0	11	66	103	102	101	119	114	142	93	188	194	0	2	1	0	0	126	242	187	171	211	189	223	79	0	3	1	12	209	111	156	133	115	81	69	47	76	74	227	98	0	2	0	0	0	146	238	227	230	213	225	6	0	0	0	82	193	108	221	112	206	65	242	17	231	221	179	237	12	0	0	0	0	209	244	139	104	234	206	0	0	12	4	80	181	160	165	69	229	2	238	69	107	220	186	202	74	0	6	0	44	207	202	138	135	229	215	147	156	208	74	15	170	192	201	196	208	166	197	185	181	201	207	188	164	182	210	225	202	217	211	206	209	203	203	209	214	200	32	0	0	15	79	137	158	207	208	224	222	218	213	201	195	183	157	118	82	26	163	255	235	239	234	228	183	179	8	2	0	0	0	0	0	0	0	0	0	0	0	0	0	0	0	0	0	0	0	51	27	18	12	4	0	0	0	0	0	0	0	0	0	0	0	0	0	0	0	0	0	0	0	0	0	0	0	0	0	0	0	0	0	0	0	0	0	0	0	0	0	0	0	0	0	0	0	0	0	0	0	0	0	0	0	0	0	0	0	0	0	0	0	0	0	0	0	0	0	0	0	0	0	0	0	0	0	0	0	0	0	0	0	0	0	0	0	0	0	0	0	0	0	0	0	0	0	0	0	0	0	0	0	0	0	0	0	0	0	0	0	0	0	0	0	0	0	0	0	0	0	0	0	0	0	0	0	0	0	0	0	0	0	0	0	0	0	0	0	0	0	0	0	0	0	0	0	0	0	0	0	0	0	0	0	0	0	0	0	0	0	0	0	0	0	0	0	0	0	0	0	0	0	0	0	0	0	0	0	0	0	0	0	0	0	0	0	0	0	0	0	0	0	0	0	0	0	0	0	0	0	0	0
0	0	0	0	0	0	0	20	77	125	157	77	0	93	127	0	47	134	138	88	18	0	0	0	0	0	0	0	0	0	0	0	0	0	59	143	125	104	129	202	179	227	255	166	216	154	104	125	143	66	0	0	0	0	0	0	0	0	0	0	0	9	116	102	102	109	95	77	97	88	107	104	79	95	107	104	104	141	29	0	0	0	0	0	0	0	0	0	0	47	107	107	102	104	109	111	91	88	93	93	111	116	102	113	107	102	72	0	0	0	0	0	0	0	0	0	0	66	111	100	88	102	109	104	100	102	97	107	107	109	95	104	109	102	97	0	0	0	0	0	0	0	0	0	0	88	111	97	88	97	111	109	104	97	102	107	109	111	97	104	134	95	127	0	0	0	0	0	0	0	0	0	0	95	109	134	66	86	102	97	100	95	93	97	97	104	75	111	143	97	122	0	0	0	0	0	0	0	0	0	0	100	97	152	102	70	84	77	88	91	88	86	84	91	75	145	129	107	116	13	0	0	0	0	0	0	0	0	15	116	97	141	161	70	97	91	91	91	93	97	102	95	84	173	125	102	125	38	0	0	0	0	0	0	0	0	34	118	102	147	79	91	100	100	97	91	91	95	102	91	125	100	159	104	107	47	0	0	0	0	0	0	0	0	56	104	116	143	9	118	86	93	95	95	95	95	95	88	138	0	100	122	100	72	0	0	0	0	0	0	0	0	84	97	125	63	0	127	86	95	97	102	102	100	97	88	134	0	25	138	102	95	0	0	0	0	0	0	0	0	95	102	157	0	0	127	93	97	97	95	95	102	107	79	132	4	0	145	104	107	0	0	0	0	0	0	0	0	100	109	150	0	0	120	95	97	97	100	102	107	111	88	136	43	0	136	107	111	0	0	0	0	0	0	0	11	104	109	150	0	18	120	91	95	95	93	93	97	104	88	132	72	0	134	109	100	6	0	0	0	0	0	0	22	102	107	143	0	40	134	107	113	113	109	109	113	116	107	136	113	0	111	113	109	20	0	0	0	0	0	0	27	104	107	132	0	86	134	107	111	111	111	111	113	116	116	125	138	0	100	113	104	22	0	0	0	0	0	0	27	109	109	116	0	113	111	100	102	102	100	100	102	104	109	109	141	0	88	113	118	22	0	0	0	0	0	0	27	116	111	91	0	127	102	102	104	102	104	107	109	107	107	107	152	13	75	113	118	25	0	0	0	0	0	0	29	111	113	66	0	134	97	104	107	107	111	111	113	113	111	113	157	36	63	118	125	25	0	0	0	0	0	0	38	109	125	56	0	127	97	107	107	109	111	111	113	113	111	113	157	34	54	122	125	27	0	0	0	0	0	0	52	107	125	45	6	127	97	104	107	107	111	111	113	116	113	118	159	43	45	129	120	31	0	0	0	0	0	0	61	107	122	40	22	127	102	104	102	102	104	104	107	107	111	118	134	54	45	120	111	34	0	0	0	0	0	0	68	116	129	45	22	159	116	118	118	118	120	120	122	120	122	129	143	59	52	134	125	47	0	0	0	0	0	0	56	109	118	43	0	70	59	66	68	68	66	66	68	66	66	70	91	4	47	118	113	50	0	0	0	0	0	0	63	111	118	45	0	0	0	0	0	0	0	0	0	0	0	0	0	0	63	113	116	54	0	0	0	0	0	0	70	109	113	47	0	2	0	0	0	0	0	0	0	0	0	0	2	0	66	116	118	66	0	0	0	0	0	0	66	113	111	27	0	0	0	0	0	0	0	0	0	0	0	0	2	0	54	125	122	70	0	0	0
0	0	0	0	0	0	0	0	0	0	0	0	0	0	0	0	0	0	0	0	0	0	0	0	0	0	0	0	0	0	0	0	0	0	0	0	0	0	0	0	0	0	0	0	0	0	0	0	0	0	0	0	0	0	0	0	0	0	0	0	0	0	0	0	0	0	0	0	0	0	0	0	0	0	0	0	0	0	0	0	0	0	0	0	0	0	0	0	0	0	0	0	0	0	0	0	0	0	0	0	0	0	0	0	0	0	0	0	0	0	0	0	0	0	0	0	0	0	0	0	0	0	0	0	0	0	0	0	0	0	0	0	0	0	0	0	0	0	0	0	0	0	0	0	0	0	0	0	0	0	0	0	0	0	0	0	0	0	0	0	0	0	0	0	0	0	0	0	0	0	0	0	0	0	0	0	0	0	0	0	0	0	0	0	0	0	0	0	0	0	0	0	0	0	0	0	0	0	32	66	53	54	49	48	45	42	42	40	39	40	40	40	40	41	44	43	44	45	41	51	28	0	0	0	2	0	125	167	169	179	177	178	180	181	181	181	181	186	186	187	187	188	189	189	192	193	168	189	154	0	1	0	0	0	140	189	170	176	175	174	174	173	173	173	173	174	175	175	176	175	175	176	177	180	174	196	158	0	0	0	3	0	132	191	177	181	181	181	181	183	182	182	182	182	183	184	184	187	188	189	191	192	184	199	155	0	1	0	0	0	148	188	177	186	182	182	183	182	182	181	183	183	184	184	187	184	184	187	187	190	183	202	144	0	4	0	0	29	255	180	174	181	181	179	181	180	188	180	184	180	186	182	186	188	188	183	188	191	181	214	129	0	3	0	0	86	188	195	186	174	179	184	180	188	175	177	178	176	176	176	174	187	182	187	182	181	196	222	118	0	3	0	0	164	128	210	196	198	181	175	181	178	187	210	201	209	209	215	191	177	180	173	184	214	201	210	107	0	3	0	43	160	61	225	178	198	196	190	175	184	164	111	128	116	110	94	158	187	176	202	221	206	187	202	110	0	2	0	109	174	34	236	179	187	197	197	202	216	144	17	51	53	54	57	157	217	204	211	193	187	183	205	106	0	2	0	146	112	56	236	181	197	192	192	191	191	211	229	233	229	235	227	202	191	189	184	184	189	181	203	105	0	4	0	76	49	51	228	190	194	191	194	191	193	179	187	180	182	181	181	181	187	187	188	187	188	181	197	95	0	0	0	72	189	201	205	206	205	235	245	210	207	198	192	193	192	189	189	190	188	187	189	189	187	178	210	132	18	20	0	173	106	172	209	198	167	147	104	155	176	240	226	222	212	204	202	199	194	199	206	211	210	180	187	2	14	85	47	0	6	35	58	73	102	45	36	66	0	0	0	0	0	0	0	0	0	0	0	0	0	0	0	0	0	0	0	0	0	0	0	0	0	0	0	0	0	0	0	0	0	0	0	0	0	0	0	0	0	0	0	0	0	0	0	0	0	0	0	0	0	0	0	0	0	0	0	0	0	0	0	0	0	0	0	0	0	0	0	0	0	0	0	0	0	0	0	0	0	0	0	0	0	0	0	0	0	0	0	0	0	0	0	0	0	0	0	0	0	0	0	0	0	0	0	0	0	0	0	0	0	0	0	0	0	0	0	0	0	0	0	0	0	0	0	0	0	0	0	0	0	0	0	0	0	0	0	0	0	0	0	0	0	0	0	0	0	0	0	0	0	0	0	0	0	0	0	0	0	0	0	0	0	0	0	0	0	0	0	0	0	0	0	0	0	0	0	0	0	0	0	0	0	0	0
0	0	0	0	0	0	0	126	0	0	0	0	0	0	0	0	0	6	0	109	99	0	0	0	0	0	0	0	0	0	0	0	0	0	0	205	7	0	2	0	0	0	0	0	1	0	0	159	82	0	0	0	0	0	0	0	0	0	0	0	0	0	0	140	22	0	1	1	1	0	0	0	0	0	4	119	69	0	0	0	0	0	0	0	0	0	0	0	0	0	0	141	194	0	0	0	0	2	0	0	0	12	162	132	42	0	0	0	0	0	0	0	0	0	0	0	0	0	0	175	217	188	109	18	0	0	0	0	130	202	220	209	47	0	0	0	0	0	0	0	0	0	0	0	0	0	97	218	216	194	199	206	106	80	129	216	211	217	219	214	125	0	0	0	0	0	0	0	0	0	0	0	0	0	132	221	228	219	204	197	151	187	206	195	216	215	211	212	136	0	0	0	0	0	0	0	0	0	0	0	0	0	84	235	213	205	208	228	189	179	208	225	206	205	206	224	168	0	0	0	0	0	0	0	0	0	0	0	0	0	6	255	199	203	204	207	225	227	215	198	203	205	204	230	122	0	0	0	0	0	0	0	0	0	0	0	0	0	0	241	212	224	223	237	221	193	204	210	201	210	223	219	39	0	0	0	0	0	0	0	0	0	0	0	0	0	0	198	222	216	216	223	200	202	207	231	220	207	224	227	16	0	0	0	0	0	0	0	0	0	0	0	0	0	0	183	230	220	218	198	202	208	202	206	218	214	215	235	21	0	0	0	0	0	0	0	0	0	0	0	0	0	0	221	231	226	207	200	209	218	205	201	206	226	215	236	21	0	0	0	0	0	0	0	0	0	0	0	0	0	0	238	228	228	206	202	218	219	207	209	210	228	215	238	44	0	0	0	0	0	0	0	0	0	0	0	0	0	0	248	230	225	199	201	238	207	212	216	217	225	219	236	61	0	0	0	0	0	0	0	0	0	0	0	0	0	0	237	233	211	204	228	233	203	215	227	223	220	222	237	86	0	0	0	0	0	0	0	0	0	0	0	0	0	0	232	233	195	224	240	218	206	217	229	223	220	222	234	159	0	0	0	0	0	0	0	0	0	0	0	0	0	0	255	221	199	238	232	208	212	214	227	224	225	214	233	209	0	0	0	0	0	0	0	0	0	0	0	0	0	0	255	206	217	241	220	207	221	217	233	229	232	215	229	239	0	0	0	0	0	0	0	0	0	0	0	0	0	29	255	192	234	237	207	214	222	218	231	229	231	225	218	255	15	0	0	0	0	0	0	0	0	0	0	0	0	90	236	208	241	224	202	228	218	217	230	232	231	235	207	255	113	0	0	0	0	0	0	0	0	0	0	0	0	118	233	225	236	211	213	236	216	220	230	231	228	231	221	240	161	0	0	0	0	0	0	0	0	0	0	0	0	140	240	231	228	211	229	231	214	223	230	231	231	230	229	239	196	0	0	0	0	0	0	0	0	0	0	0	0	174	234	218	208	211	233	220	213	225	229	230	230	228	226	231	216	0	0	0	0	0	0	0	0	0	0	0	0	220	239	227	218	223	233	228	227	231	233	237	233	238	235	243	223	0	0	0	0	0	0	0	0	0	0	0	0	211	217	212	229	229	226	231	232	225	222	229	220	202	207	214	206	0	0	0	0	0	0	0	0	0	0	0	0	144	244	219	226	218	206	199	200	194	203	211	209	220	225	240	229	0	0	0	0	0	0	0	0	0	0	0	0	0	47	94	120	140	139	118	130	143	151	149	147	131	90	62	3	0	0	0	0	0	0
0	0	0	0	0	0	0	0	0	0	0	0	0	0	0	0	0	0	0	0	0	0	0	0	0	0	0	0	0	0	0	0	0	0	0	0	0	0	0	0	0	0	0	0	0	0	0	0	0	0	0	0	0	0	0	0	0	0	0	0	0	0	0	0	0	0	0	0	0	0	0	0	0	0	0	0	0	0	0	0	0	0	0	0	0	0	0	0	0	0	0	0	0	0	0	0	0	0	0	0	0	0	0	0	0	0	0	0	0	0	0	0	0	0	0	0	0	0	0	0	0	0	0	0	0	0	0	0	0	0	0	0	0	0	0	0	0	0	0	0	0	0	0	0	0	0	0	0	0	0	0	0	0	0	0	0	0	0	0	0	0	0	0	0	0	0	0	0	0	0	0	0	0	0	0	0	0	0	0	0	0	0	0	0	0	0	0	0	0	0	0	0	0	0	0	0	0	0	0	0	0	0	0	0	0	0	0	0	0	0	0	0	0	0	0	0	0	0	0	0	0	0	0	0	0	0	0	0	0	0	0	0	0	0	0	0	0	0	0	0	0	0	0	0	0	0	0	0	0	0	0	0	0	0	0	0	0	0	0	0	1	1	1	3	2	0	3	67	4	0	1	0	2	2	0	0	42	0	0	1	0	0	0	0	0	0	0	0	1	1	0	0	2	0	37	138	101	9	0	0	0	0	0	91	181	119	0	0	0	0	0	0	0	0	1	0	1	0	12	3	0	0	9	142	116	68	5	0	0	3	105	155	134	49	0	0	0	0	0	0	1	0	2	3	0	6	98	129	0	0	0	63	160	175	150	5	120	145	175	70	0	0	0	0	0	0	0	0	0	0	0	0	0	21	102	91	79	0	0	0	75	153	161	156	184	195	5	0	0	3	2	0	4	2	1	1	0	74	111	36	0	5	79	150	138	36	0	0	9	178	83	64	195	22	0	4	0	0	1	0	0	0	0	0	0	25	182	181	22	0	53	136	33	152	41	0	0	67	178	8	170	112	0	0	1	6	0	0	36	0	0	0	0	19	166	80	102	0	0	161	34	136	178	51	25	2	178	126	12	235	105	0	0	0	0	0	158	167	120	85	48	81	149	65	134	85	68	135	137	138	147	152	156	141	140	166	96	141	194	109	88	87	103	133	6	118	176	201	203	197	188	195	204	255	248	197	201	201	202	199	202	203	196	202	217	176	165	181	190	188	188	184	0	0	0	12	52	99	118	113	70	5	14	83	68	36	24	8	13	28	29	39	53	136	113	114	120	127	110	5	0	0	0	0	0	0	0	0	0	0	0	0	0	0	0	0	0	0	0	0	0	0	0	0	0	0	0	0	0	0	0	0	0	0	0	0	0	0	0	0	0	0	0	0	0	0	0	0	0	0	0	0	0	0	0	0	0	0	0	0	0	0	0	0	0	0	0	0	0	0	0	0	0	0	0	0	0	0	0	0	0	0	0	0	0	0	0	0	0	0	0	0	0	0	0	0	0	0	0	0	0	0	0	0	0	0	0	0	0	0	0	0	0	0	0	0	0	0	0	0	0	0	0	0	0	0	0	0	0	0	0	0	0	0	0	0	0	0	0	0	0	0	0	0	0	0	0	0	0	0	0	0	0	0	0	0	0	0	0	0	0	0	0	0	0	0	0	0	0	0	0	0	0	0	0	0	0	0	0	0	0	0	0	0	0	0	0	0	0	0	0	0	0	0	0	0	0	0	0	0	0	0	0	0	0	0	0	0	0	0	0	0	0	0	0	0	0	0	0	0	0	0	0	0
0	0	0	0	0	0	0	3	0	0	0	0	0	0	0	0	0	0	0	0	0	0	0	0	0	0	0	0	0	0	0	0	0	1	0	0	0	116	244	151	92	88	94	73	108	253	156	13	0	0	0	0	0	0	0	0	0	0	0	0	0	0	0	150	221	235	226	237	251	240	187	255	240	221	225	224	126	0	0	0	0	0	0	0	0	0	0	0	0	0	160	247	218	215	216	211	204	186	171	204	199	212	209	211	239	147	0	0	0	0	0	0	0	0	0	0	0	0	216	220	219	223	222	222	223	225	230	220	218	217	217	214	214	215	0	0	0	0	0	0	0	0	0	0	0	56	238	219	223	223	222	217	216	212	212	216	218	220	220	220	215	235	68	0	0	0	0	0	0	0	0	0	0	120	243	223	224	219	224	215	212	213	211	213	215	217	215	216	218	237	140	0	0	0	0	0	0	0	0	0	0	159	242	229	230	215	223	212	218	212	214	216	217	214	211	219	220	232	192	0	0	0	0	0	0	0	0	0	0	194	238	232	243	217	224	217	222	214	216	223	219	219	209	232	229	229	212	0	0	0	0	0	0	0	0	0	0	220	235	242	233	228	225	224	225	217	218	225	225	225	221	246	245	229	237	0	0	0	0	0	0	0	0	0	0	239	234	255	113	229	228	224	225	218	219	226	226	219	251	59	237	231	254	0	0	0	0	0	0	0	0	0	0	254	233	255	74	238	228	223	225	222	221	226	224	222	255	0	249	233	255	23	0	0	0	0	0	0	0	0	0	255	234	255	18	235	234	221	225	224	221	227	222	231	246	0	226	238	234	80	0	0	0	0	0	0	0	0	0	255	242	253	0	254	228	223	225	224	220	228	226	225	255	0	176	247	234	115	0	0	0	0	0	0	0	0	18	232	250	197	0	255	219	226	226	223	220	227	227	222	255	0	107	255	232	135	0	0	0	0	0	0	0	0	49	236	251	157	0	255	219	225	227	222	221	229	226	220	255	0	53	255	233	165	0	0	0	0	0	0	0	0	69	236	253	154	8	255	218	222	229	221	219	229	226	219	255	37	0	255	240	180	0	0	0	0	0	0	0	0	56	255	254	121	98	255	219	222	229	222	221	228	224	221	254	164	0	255	241	183	0	0	0	0	0	0	0	0	47	255	248	177	191	243	225	222	228	223	222	226	223	225	233	240	36	255	246	172	0	0	0	0	0	0	0	0	35	255	236	250	224	230	224	226	227	224	225	225	225	228	222	252	100	243	255	167	0	0	0	0	0	0	0	0	17	255	236	232	217	228	225	227	227	226	222	228	225	228	224	241	177	238	254	165	0	0	0	0	0	0	0	0	0	255	238	233	210	217	217	220	221	219	219	221	220	221	219	221	219	241	255	170	0	0	0	0	0	0	0	0	0	255	237	242	255	255	237	238	237	235	240	241	239	239	236	255	190	219	255	156	0	0	0	0	0	0	0	0	0	255	241	206	133	178	187	208	211	211	199	199	210	206	204	224	123	225	255	144	0	0	0	0	0	0	0	0	0	217	247	167	0	0	0	0	0	0	0	0	0	0	0	0	0	251	244	140	0	0	0	0	0	0	0	0	0	208	247	177	0	0	0	0	0	0	0	0	0	0	0	0	0	255	244	135	0	0	0	0	0	0	0	0	0	214	255	195	0	0	0	0	0	0	0	0	0	0	2	0	0	225	253	132	0	0	0	0	0	0	0	0	0	166	201	129	0	0	0	0	0	0	0	0	0	0	3	0	0	191	210	91	0	0	0	0
0	0	0	0	0	0	0	0	0	0	0	0	0	0	0	0	0	0	0	0	0	0	0	0	0	0	0	0	0	0	0	0	0	0	0	0	0	0	0	0	0	0	0	0	0	0	0	0	0	0	0	0	0	0	0	0	0	0	0	0	0	0	0	0	0	0	0	0	0	0	0	0	0	0	0	0	0	0	0	0	0	0	0	0	0	0	0	0	0	0	0	0	0	0	0	0	0	0	0	0	0	0	0	0	0	0	0	0	0	0	0	0	0	0	0	0	0	0	0	0	0	1	0	0	0	0	0	78	127	125	45	23	58	43	71	76	67	50	0	0	0	0	0	0	0	0	0	0	0	0	0	0	1	0	0	185	211	209	254	252	248	236	215	220	212	182	0	0	0	0	0	0	0	0	0	0	0	0	0	0	1	0	0	171	192	182	215	211	203	201	204	190	193	150	0	0	0	0	0	0	0	0	0	0	0	1	0	0	1	0	0	160	196	195	204	209	217	204	223	184	189	154	0	0	0	0	0	0	0	0	0	0	0	0	0	0	1	0	0	159	200	212	203	217	227	211	216	191	187	151	0	0	0	0	0	0	0	0	0	0	0	0	0	0	1	0	0	153	190	206	227	245	190	222	222	194	195	114	0	0	0	0	0	0	0	0	0	0	0	0	0	0	2	0	0	164	187	197	209	254	237	233	198	187	196	98	0	0	0	0	0	0	0	0	0	0	0	1	0	0	0	0	0	169	185	195	201	186	196	185	174	171	184	89	0	0	0	0	0	0	0	0	0	0	0	2	1	1	0	0	35	193	181	203	212	217	222	216	197	169	179	111	0	0	0	0	0	0	0	0	0	0	0	0	0	0	0	0	108	211	212	234	207	209	204	196	180	178	186	128	0	0	0	0	0	0	0	1	0	0	0	0	1	1	0	10	163	190	191	116	137	193	202	185	184	170	184	127	0	0	0	0	1	0	0	0	0	1	0	0	2	0	0	140	142	190	149	185	248	214	185	198	197	174	186	163	0	0	2	0	0	0	0	0	0	0	3	1	0	0	116	189	176	192	193	219	138	212	198	198	193	190	184	197	5	0	0	1	2	3	0	0	4	0	0	0	25	128	136	173	185	219	208	212	216	229	192	187	198	189	181	184	42	0	2	0	0	0	0	0	0	0	1	90	165	104	85	163	206	209	218	114	207	237	231	206	189	185	181	179	105	0	0	0	58	128	108	87	87	119	170	164	119	113	140	134	134	174	235	192	251	206	207	197	180	195	181	175	137	0	0	71	123	93	127	145	150	146	129	97	122	137	142	161	162	158	185	220	216	215	208	201	195	195	181	179	151	0	13	118	153	114	96	97	113	130	136	142	140	147	171	186	208	225	225	222	218	209	201	202	203	191	178	163	159	17	28	73	113	154	178	185	193	206	209	207	206	206	215	214	207	193	193	178	158	139	127	112	83	60	47	35	40	23	1	13	31	40	63	87	107	118	141	154	158	147	129	108	80	50	30	17	13	14	18	19	27	29	47	46	43	25	0	0	0	0	0	3	7	5	10	19	18	21	20	20	19	27	34	34	43	43	36	39	41	30	32	26	17	5	0	0	0	0	0	0	0	0	0	0	0	0	0	0	0	0	0	0	0	0	0	0	0	0	0	0	0	0	0	0	0	0	0	0	0	0	0	0	0	0	0	0	0	0	0	0	0	0	0	0	0	0	0	0	0	0	0	0	0	0	0	0	0	0	0	0	0	0	0	0	0	0	0	0	0	0	0	0	0	0	0	0	0	0
0	0	0	0	0	0	0	0	0	0	0	0	0	0	0	0	0	0	0	0	0	0	0	0	0	0	0	0	0	0	0	0	0	0	0	0	0	0	0	0	0	0	0	0	0	0	0	0	0	0	0	0	0	0	0	0	0	0	0	0	0	0	0	0	0	0	0	0	0	0	0	0	0	0	0	0	0	0	0	0	0	0	0	0	0	0	0	0	0	0	0	0	0	0	0	0	0	0	0	0	0	0	0	0	0	0	0	0	0	0	0	0	0	0	0	0	0	0	0	0	0	0	0	0	0	0	0	0	0	0	0	0	0	0	0	0	0	0	0	0	0	0	0	0	0	0	0	0	0	0	0	0	0	0	0	0	0	0	0	0	0	0	0	0	0	0	0	0	0	0	0	0	0	0	0	0	0	0	0	0	0	0	0	0	0	0	0	0	0	0	0	0	0	0	0	0	0	0	0	0	0	0	0	0	0	0	0	0	0	0	0	0	0	0	0	0	0	0	0	0	0	0	0	0	0	0	0	0	0	0	0	0	0	0	1	0	1	0	10	38	0	0	0	0	0	3	3	3	6	0	2	0	0	0	0	0	0	0	0	0	0	0	0	1	4	0	82	130	88	45	1	0	0	0	0	0	0	0	0	0	0	0	0	0	0	0	0	0	0	0	2	0	0	9	113	148	198	215	183	156	115	97	50	15	16	168	0	0	0	0	0	0	0	0	0	0	1	0	0	0	87	129	163	119	7	56	132	179	192	207	196	201	195	196	89	0	0	0	0	0	0	0	1	3	0	0	71	141	164	197	165	0	0	0	0	7	90	116	103	103	115	186	147	0	0	1	0	0	1	2	0	0	0	60	145	178	175	132	0	0	1	2	1	0	0	0	0	0	0	176	155	0	2	1	0	1	0	0	1	37	124	170	173	146	154	71	0	0	1	0	1	3	7	1	4	0	10	189	153	15	0	0	0	0	1	40	151	183	170	207	53	36	136	180	26	0	1	0	1	2	1	2	1	0	94	200	161	48	3	3	6	0	132	213	150	139	224	160	0	0	142	148	178	0	0	0	5	5	0	0	0	2	202	175	171	83	0	0	0	0	16	116	107	71	82	0	0	0	35	151	170	21	0	0	0	0	0	0	0	153	180	163	170	62	0	0	0	0	0	79	125	147	0	0	0	0	9	172	183	150	107	125	108	112	115	126	128	162	179	174	178	26	100	165	158	215	207	188	209	207	255	247	240	250	239	175	154	147	150	160	177	192	202	206	209	211	203	201	240	17	0	24	42	53	59	43	41	43	49	48	45	19	0	0	0	0	0	0	0	0	0	8	24	32	48	68	61	0	0	0	0	0	0	0	0	0	0	0	0	0	0	0	0	0	0	0	0	0	0	0	0	0	0	0	0	0	0	0	0	0	0	0	0	0	0	0	0	0	0	0	0	0	0	0	0	0	0	0	0	0	0	0	0	0	0	0	0	0	0	0	0	0	0	0	0	0	0	0	0	0	0	0	0	0	0	0	0	0	0	0	0	0	0	0	0	0	0	0	0	0	0	0	0	0	0	0	0	0	0	0	0	0	0	0	0	0	0	0	0	0	0	0	0	0	0	0	0	0	0	0	0	0	0	0	0	0	0	0	0	0	0	0	0	0	0	0	0	0	0	0	0	0	0	0	0	0	0	0	0	0	0	0	0	0	0	0	0	0	0	0	0	0	0	0	0	0	0	0	0	0	0	0	0	0	0	0	0	0	0	0	0	0	0	0	0	0	0	0	0	0	0	0	0	0
0	0	0	0	0	0	0	0	0	0	227	175	202	157	141	121	117	117	0	0	0	0	0	0	0	0	0	0	0	0	0	0	0	0	0	0	0	30	209	139	186	191	253	122	110	110	12	0	0	0	0	0	0	0	0	0	0	0	0	0	0	0	0	0	0	108	141	106	146	85	103	66	95	75	30	0	0	0	0	0	0	0	0	0	0	0	0	0	0	0	0	0	0	153	137	122	153	122	137	79	95	75	52	0	0	0	0	0	0	0	0	0	0	0	0	0	0	0	0	0	0	184	119	108	122	121	139	85	92	74	65	0	0	0	0	0	0	0	0	0	0	0	0	0	0	0	0	0	0	195	113	99	119	104	168	115	86	75	70	0	0	0	0	0	0	0	0	0	0	0	0	0	0	0	0	0	0	189	119	95	104	95	186	146	99	70	70	0	0	0	0	0	0	0	0	0	0	0	0	0	0	0	0	0	0	184	126	94	95	130	215	151	119	74	74	0	0	0	0	0	0	0	0	0	0	0	0	0	0	0	0	0	0	184	141	95	85	135	204	166	113	79	77	0	0	0	0	0	0	0	0	0	0	0	0	0	0	0	0	0	0	184	144	95	83	133	240	175	112	85	79	0	0	0	0	0	0	0	0	0	0	0	0	0	0	0	0	0	0	170	160	88	112	66	227	188	103	88	65	0	0	0	0	0	0	0	0	0	0	0	0	0	0	0	0	0	0	153	180	94	122	32	255	197	101	95	52	0	0	0	0	0	0	0	0	0	0	0	0	0	0	0	0	0	0	113	206	101	133	7	217	204	99	108	56	0	0	0	0	0	0	0	0	0	0	0	0	0	0	0	0	0	0	75	229	94	141	0	108	215	99	113	43	0	0	0	0	0	0	0	0	0	0	0	0	0	0	0	0	0	0	32	240	95	139	0	75	224	122	117	23	0	0	0	0	0	0	0	0	0	0	0	0	0	0	0	0	0	0	36	195	103	126	0	25	226	133	112	0	0	0	0	0	0	0	0	0	0	0	0	0	0	0	0	0	0	0	45	189	117	106	0	0	217	148	99	0	0	0	0	0	0	0	0	0	0	0	0	0	0	0	0	0	0	0	10	184	133	77	0	0	206	164	99	0	0	0	0	0	0	0	0	0	0	0	0	0	0	0	0	0	0	0	10	179	144	61	0	0	195	175	88	0	0	0	0	0	0	0	0	0	0	0	0	0	0	0	0	0	0	0	10	157	142	61	0	0	193	182	106	0	0	0	0	0	0	0	0	0	0	0	0	0	0	0	0	0	0	0	9	171	128	54	0	0	155	171	122	0	0	0	0	0	0	0	0	0	0	0	0	0	0	0	0	0	0	0	1	166	139	59	0	0	170	166	101	0	0	0	0	0	0	0	0	0	0	0	0	0	0	0	0	0	0	0	0	159	146	63	0	0	173	198	99	0	0	0	0	0	0	0	0	0	0	0	0	0	0	0	0	0	0	0	0	164	146	56	0	0	150	189	101	0	0	0	0	0	0	0	0	0	0	0	0	0	0	0	0	0	0	0	0	155	155	45	0	0	164	177	90	0	0	0	0	0	0	0	0	0	0	0	0	0	0	0	0	0	0	0	0	148	142	37	0	0	148	189	79	0	0	0	0	0	0	0	0	0	0	0	0	0	0	0	0	0	0	0	0	166	151	21	0	0	133	202	66	0	0	0	0	0	0	0	0	0	0	0	0	0	0	0	0	0	0	0	0	137	139	0	0	0	57	173	61	0	0	0	0	0	0	0	0	0	0
0	0	0	0	0	0	0	0	0	2	0	0	121	140	161	160	151	0	0	4	1	2	0	0	0	0	0	0	0	0	0	0	0	0	0	0	0	0	0	81	252	230	221	219	233	75	0	0	0	2	1	1	0	0	0	0	0	0	0	0	1	0	0	0	0	98	196	231	188	201	203	194	191	217	193	95	0	0	0	1	0	0	0	0	0	0	0	0	0	0	0	64	181	202	194	175	169	175	180	177	173	175	187	197	184	89	0	0	0	0	0	0	0	0	0	0	0	0	74	213	198	181	183	180	174	177	177	179	175	180	172	172	184	209	72	0	0	0	0	0	0	0	0	0	0	0	190	204	194	190	186	183	173	178	177	180	176	178	183	178	192	198	166	0	0	0	0	0	0	0	0	0	0	42	214	202	201	189	189	182	173	176	177	179	175	179	183	179	198	195	198	9	0	0	0	0	0	0	0	0	0	91	218	204	214	185	188	179	173	174	179	179	172	176	177	183	213	194	209	50	0	0	0	0	0	0	0	0	0	123	218	209	232	195	188	183	175	175	179	179	173	175	175	199	222	195	211	96	0	0	0	0	0	0	0	0	0	145	219	208	242	215	203	197	191	191	190	191	192	188	202	212	223	197	210	127	0	0	0	0	0	0	0	0	0	154	218	211	244	213	208	197	196	193	193	195	198	198	210	210	234	198	209	153	0	0	0	0	0	0	0	0	0	166	218	214	246	209	202	199	197	194	197	196	196	198	200	223	247	199	209	170	0	0	0	0	0	0	0	0	0	181	217	215	255	217	200	202	199	195	197	197	196	199	202	232	224	205	209	184	0	0	0	0	0	0	0	0	0	189	214	222	214	211	204	203	199	196	197	198	197	198	209	212	93	233	205	204	0	0	0	0	0	0	0	0	0	207	212	246	110	200	216	202	198	200	197	198	197	198	218	193	65	241	201	215	0	0	0	0	0	0	0	0	0	227	210	255	41	185	224	202	200	202	199	199	198	194	229	169	46	249	201	229	0	0	0	0	0	0	0	0	0	236	214	251	28	223	215	203	202	201	201	202	198	197	216	191	83	249	201	231	6	0	0	0	0	0	0	0	42	236	216	238	49	234	208	204	201	201	201	202	200	199	207	214	147	242	205	231	12	0	0	0	0	0	0	0	79	234	215	248	118	230	207	203	201	201	202	203	200	200	204	209	155	239	209	231	18	0	0	0	0	0	0	0	110	230	212	253	206	212	207	205	201	202	205	203	198	202	204	211	185	230	209	231	64	0	0	0	0	0	0	0	158	218	200	254	217	204	208	205	201	202	203	205	200	202	207	206	207	224	202	231	99	0	0	0	0	0	0	0	189	209	207	234	180	211	208	204	201	201	202	209	202	198	203	204	204	214	196	225	128	0	0	0	0	0	0	0	195	221	211	238	200	202	205	204	199	198	202	206	204	197	205	200	204	232	202	204	200	0	0	0	0	0	0	0	60	236	219	217	223	210	208	206	205	202	201	204	205	203	206	212	209	205	222	217	98	0	0	0	0	0	0	0	0	224	229	119	161	219	217	220	223	226	191	193	194	189	214	230	145	93	240	205	0	0	0	0	0	0	0	0	0	192	229	73	0	0	0	0	0	0	0	0	0	0	0	0	0	92	232	196	0	0	0	0	0	0	0	0	0	205	236	167	0	0	0	0	0	0	0	0	0	0	0	0	0	137	238	205	0	0	0	0	0	0	0	0	39	157	145	150	0	0	2	1	1	1	1	2	1	2	1	0	0	114	169	158	37	0	0	0
0	0	0	0	0	0	0	0	0	2	0	0	77	120	116	116	12	0	0	0	0	0	0	0	0	0	0	0	0	0	0	0	0	0	0	0	0	0	0	123	120	0	0	31	192	36	0	1	1	0	0	0	0	0	0	0	0	0	0	0	0	0	0	0	0	0	95	142	0	0	0	0	22	144	0	0	0	1	0	0	0	0	0	0	0	0	0	0	0	0	0	1	0	4	174	54	0	2	0	0	0	131	31	0	2	0	0	0	0	0	0	0	0	0	0	0	1	0	0	1	0	91	128	0	0	0	0	1	0	47	113	0	0	0	0	0	0	0	0	0	0	0	0	0	1	0	0	1	0	92	70	0	0	0	0	0	0	0	80	16	0	0	0	0	0	0	0	0	0	0	0	0	0	0	0	0	0	108	38	0	0	0	0	0	0	0	30	60	0	0	0	0	0	0	0	0	0	0	0	0	0	0	0	0	1	126	1	0	1	0	0	0	0	0	1	102	0	0	0	0	0	0	0	0	0	0	0	0	0	0	0	0	73	146	0	0	0	0	0	0	0	0	0	135	24	0	1	1	1	0	0	0	0	0	0	0	0	1	0	0	127	131	0	0	0	0	0	0	0	0	1	108	44	0	2	0	0	0	0	0	0	0	0	0	0	0	0	0	159	119	0	0	0	0	0	0	0	0	5	121	78	0	0	1	0	0	0	0	0	0	0	0	0	0	0	11	169	117	0	0	0	0	0	0	0	0	1	160	163	15	0	0	0	0	0	0	0	0	0	0	11	69	59	59	135	120	30	38	27	22	24	26	30	36	12	103	176	67	4	49	5	0	0	0	0	0	0	103	69	56	22	38	24	47	23	37	45	42	45	45	51	51	37	42	12	40	44	38	91	4	0	0	0	0	24	137	45	30	42	54	56	55	38	45	41	38	40	36	38	45	40	69	101	72	65	55	94	54	0	0	0	0	55	117	70	52	48	97	159	97	41	63	65	63	62	60	59	60	41	70	163	83	67	56	73	47	0	0	0	0	94	109	81	85	94	98	151	103	66	98	92	95	92	90	88	88	70	88	166	127	54	23	41	36	0	0	0	0	178	105	85	106	94	103	162	102	36	54	63	74	74	85	97	97	87	84	173	141	90	41	24	30	0	0	0	0	4	109	116	110	76	142	169	124	85	106	98	95	103	112	108	121	131	119	173	116	80	80	33	27	0	0	0	0	45	146	80	37	255	171	209	115	63	90	98	109	98	101	120	110	94	126	195	134	38	70	56	31	0	0	0	0	20	80	55	27	70	67	87	203	88	112	115	113	116	115	123	124	131	157	209	176	66	29	62	60	0	0	0	0	30	152	162	85	116	232	18	97	148	101	110	105	123	116	119	124	126	126	205	155	126	47	29	20	0	0	0	0	52	117	123	110	112	185	184	188	151	128	109	133	131	120	117	123	105	126	199	145	92	115	30	15	0	0	0	0	52	116	90	115	99	117	202	157	83	119	117	133	128	138	113	112	113	130	198	169	85	87	69	13	0	0	0	0	38	120	108	109	108	139	195	152	90	117	119	139	137	131	120	116	106	123	200	162	121	97	70	9	0	0	0	0	23	115	88	106	101	126	188	141	88	121	106	108	116	109	109	113	99	116	189	152	108	108	94	0	0	0	0	0	0	115	126	105	95	131	198	174	106	135	131	128	130	134	135	141	123	145	234	153	121	134	117	0	0	0	0	0	0	30	70	90	116	133	178	119	58	72	77	80	74	77	76	87	76	102	157	105	77	91	56	0	0	0
0	0	0	0	0	0	0	0	0	0	0	0	0	0	0	0	0	0	0	0	0	0	0	0	0	0	0	0	0	0	0	0	0	0	0	0	0	0	0	0	0	0	0	0	0	0	0	0	0	0	0	0	0	0	0	0	0	0	0	0	0	0	0	0	0	0	0	0	0	0	0	0	0	0	0	0	0	0	0	0	0	0	0	0	0	0	0	0	0	0	0	0	0	0	0	0	0	0	0	0	0	0	0	0	0	0	0	0	0	0	0	0	0	0	0	0	0	0	0	0	0	0	0	0	0	0	0	0	0	0	0	0	0	0	0	0	0	0	0	0	0	0	0	0	0	0	0	0	0	0	0	0	0	0	0	0	0	0	0	0	0	0	0	0	0	0	0	0	0	0	0	0	0	0	0	0	0	0	0	0	0	0	4	0	50	113	0	0	0	1	1	0	0	0	0	0	0	0	0	0	0	0	0	0	0	0	0	0	0	0	4	0	170	187	238	30	0	0	0	0	8	52	25	0	0	0	0	0	0	0	0	0	0	0	0	0	0	1	0	0	185	173	208	224	77	93	62	72	192	224	183	0	0	0	0	0	0	0	0	0	0	0	0	0	0	2	0	106	186	194	209	227	219	254	255	227	216	205	174	0	0	0	0	0	0	0	0	0	0	0	0	0	4	0	45	205	151	156	201	224	191	194	198	214	213	215	181	0	0	0	0	0	0	0	0	0	0	0	0	4	0	0	186	123	137	213	200	220	214	209	217	217	211	209	202	0	0	0	0	0	0	0	0	0	0	0	5	0	0	177	150	62	187	207	214	234	214	204	213	216	213	205	219	0	0	0	0	0	0	0	0	0	2	5	0	0	167	159	57	160	227	211	193	235	201	206	203	218	190	197	234	22	0	0	0	0	2	4	6	3	0	0	12	148	148	110	189	221	186	196	156	216	218	215	220	215	130	189	236	31	0	1	5	0	0	0	0	0	0	105	178	139	184	225	218	202	189	179	205	234	188	165	148	133	156	214	222	48	1	0	0	0	0	29	66	125	197	172	51	112	160	143	170	183	194	200	228	217	201	212	228	244	247	201	214	54	0	1	96	166	196	195	199	155	86	33	54	86	70	146	175	200	221	226	206	229	211	207	205	192	185	190	201	6	0	136	160	108	69	43	12	7	22	82	116	111	179	211	211	204	199	189	213	234	182	197	194	200	210	205	210	0	44	217	213	175	146	124	103	121	155	147	175	203	212	206	209	211	216	229	255	226	230	213	210	208	204	195	206	1	0	84	148	191	216	229	233	226	219	224	233	231	225	220	250	224	176	111	26	0	237	252	239	245	216	211	246	14	0	0	0	0	17	38	59	92	106	105	96	73	60	36	0	0	0	0	0	0	85	95	98	106	105	105	105	0	0	0	0	0	0	0	0	0	0	0	0	0	0	0	0	0	0	0	0	0	0	0	0	0	0	0	0	0	0	0	0	0	0	0	0	0	0	0	0	0	0	0	0	0	0	0	0	0	0	0	0	0	0	0	0	0	0	0	0	0	0	0	0	0	0	0	0	0	0	0	0	0	0	0	0	0	0	0	0	0	0	0	0	0	0	0	0	0	0	0	0	0	0	0	0	0	0	0	0	0	0	0	0	0	0	0	0	0	0	0	0	0	0	0	0	0	0	0	0	0	0	0	0	0	0	0	0	0	0	0	0	0	0	0	0	0	0	0	0	0	0	0	0	0	0	0	0	0	0	0	0	0	0	0	0	0	0	0	0	0	0	0	0	0	0	0	0	0
0	0	0	0	0	0	0	0	0	0	0	0	0	0	0	0	0	0	0	0	0	0	0	0	0	0	0	0	0	0	0	0	0	0	0	0	0	0	0	0	0	0	0	0	0	0	0	0	0	0	0	0	0	0	0	0	0	0	0	0	0	0	0	0	0	0	0	0	0	0	0	0	0	0	0	0	0	0	0	0	0	0	0	0	0	0	0	0	0	0	0	0	0	0	0	0	0	0	0	0	0	0	0	0	0	0	0	0	0	0	0	0	0	0	0	0	0	0	0	0	0	0	0	0	0	0	0	0	0	0	0	0	0	0	0	0	0	0	0	0	0	0	0	0	0	0	0	0	0	0	0	0	0	0	0	0	0	0	0	0	0	0	0	0	0	0	0	0	0	0	0	0	0	0	0	0	0	0	0	0	0	0	0	0	0	0	0	0	0	0	0	0	0	0	0	0	0	0	0	0	0	0	0	0	0	0	0	0	0	0	0	0	0	0	0	0	0	0	0	0	0	0	0	0	0	0	0	0	0	0	0	0	0	0	0	0	0	0	0	0	0	0	0	14	50	94	58	53	62	134	11	0	0	0	0	0	0	0	0	0	0	0	0	0	0	0	0	8	45	62	39	138	155	181	58	58	49	101	93	0	0	0	0	0	0	0	0	0	0	0	0	0	0	0	0	24	52	21	0	0	0	0	0	31	63	39	143	0	0	0	0	0	0	0	0	0	0	0	0	0	0	0	0	0	0	0	0	0	0	0	0	50	13	8	140	0	0	0	1	0	0	0	1	3	0	0	0	0	0	0	0	0	1	0	0	0	1	0	0	75	0	26	153	0	0	0	0	0	0	0	0	0	0	0	0	0	0	0	0	0	0	0	0	0	0	0	0	107	107	85	187	1	1	1	1	0	0	0	37	47	0	0	0	0	0	0	0	0	0	0	0	0	0	0	0	78	16	16	101	1	1	0	0	0	0	27	65	89	0	0	0	0	0	0	0	0	0	0	0	0	17	21	32	49	27	0	152	9	0	1	0	0	78	29	137	152	0	0	0	0	0	0	0	0	0	35	89	114	132	81	147	230	255	0	201	37	0	0	0	0	19	50	124	127	6	0	0	0	0	0	9	96	143	134	78	26	13	0	107	246	201	3	125	57	0	0	0	0	0	132	189	197	106	0	0	0	26	111	158	106	16	0	0	0	0	0	150	217	192	24	63	89	37	109	104	94	88	55	53	85	88	75	67	112	148	93	0	0	0	0	3	1	0	0	171	201	243	94	75	135	0	0	14	31	44	60	65	67	68	70	65	40	0	0	0	0	0	0	0	0	0	0	75	62	42	60	78	37	0	0	0	0	0	0	0	0	0	0	0	0	0	0	0	0	0	0	0	0	0	0	0	0	0	0	0	0	0	0	0	0	0	0	0	0	0	0	0	0	0	0	0	0	0	0	0	0	0	0	0	0	0	0	0	0	0	0	0	0	0	0	0	0	0	0	0	0	0	0	0	0	0	0	0	0	0	0	0	0	0	0	0	0	0	0	0	0	0	0	0	0	0	0	0	0	0	0	0	0	0	0	0	0	0	0	0	0	0	0	0	0	0	0	0	0	0	0	0	0	0	0	0	0	0	0	0	0	0	0	0	0	0	0	0	0	0	0	0	0	0	0	0	0	0	0	0	0	0	0	0	0	0	0	0	0	0	0	0	0	0	0	0	0	0	0	0	0	0	0	0	0	0	0	0	0	0	0	0	0	0	0	0	0	0	0	0	0	0	0	0	0	0	0	0	0
0	0	0	0	0	0	0	0	0	0	11	0	0	116	168	147	23	0	2	3	0	1	0	0	0	0	0	0	0	0	0	0	0	0	0	0	0	0	1	0	153	181	101	120	197	105	0	2	0	1	0	0	0	0	0	0	0	0	0	0	0	0	0	0	0	5	0	102	158	0	0	0	0	178	66	0	2	0	0	0	0	0	0	0	0	0	0	0	0	0	0	0	1	0	0	173	0	0	2	3	0	10	180	0	0	3	0	1	0	0	0	0	0	0	0	0	0	0	0	0	6	0	81	147	0	3	0	0	7	0	130	102	0	8	0	1	0	0	0	0	0	0	0	0	0	0	0	0	7	0	136	106	0	7	0	1	5	0	51	155	0	3	0	0	0	0	0	0	0	0	0	0	0	0	0	0	1	0	181	80	0	5	0	1	1	0	0	165	0	0	1	0	1	0	0	0	0	0	0	0	0	0	0	0	0	0	200	30	0	2	0	1	0	0	0	146	7	0	2	0	1	0	0	0	0	0	1	0	1	1	2	5	0	1	218	38	0	8	5	5	5	0	0	178	48	0	1	0	0	0	0	0	0	0	0	1	2	1	2	2	0	81	247	96	0	0	0	0	0	0	45	228	113	0	0	0	3	0	0	0	0	0	1	1	1	0	0	0	0	170	196	122	105	153	146	146	142	112	166	186	102	2	2	0	0	0	0	0	0	0	1	2	0	0	193	212	206	220	206	231	251	250	255	251	247	250	215	210	185	237	212	188	7	0	0	0	0	0	2	0	0	191	238	215	202	213	210	191	210	198	193	200	200	201	183	227	176	192	196	206	183	0	0	0	0	0	0	0	86	180	193	205	218	230	238	212	198	206	211	223	225	190	222	196	211	168	216	121	193	53	0	0	0	0	1	0	190	158	206	218	208	217	222	178	201	202	203	210	220	198	188	170	210	213	247	137	167	155	0	0	0	0	0	46	198	126	215	213	213	220	220	193	208	210	206	213	212	197	201	187	222	217	242	147	126	246	0	0	0	0	38	200	195	131	201	215	206	223	220	198	213	216	217	220	217	213	195	195	225	210	225	122	117	220	121	0	0	0	72	198	172	165	181	216	207	210	198	202	208	212	217	218	217	216	192	198	213	205	200	170	155	188	201	0	0	0	0	173	157	167	170	201	206	200	192	205	207	208	208	208	206	203	200	202	206	196	190	181	140	152	160	0	0	0	0	123	168	143	165	196	208	206	205	207	207	203	207	210	207	202	207	207	203	190	198	161	113	142	128	0	0	0	0	152	163	142	141	176	210	207	205	207	208	207	211	212	216	211	212	210	198	187	200	142	72	168	136	0	0	0	0	153	157	142	151	183	216	216	211	212	212	211	213	215	217	212	208	208	202	196	201	176	116	186	113	0	0	0	0	147	163	155	170	197	215	213	216	216	216	213	216	215	216	211	205	205	203	203	197	195	141	187	87	0	0	0	0	121	160	152	162	191	206	211	218	216	215	212	213	213	213	208	205	205	202	203	195	196	161	206	60	0	0	0	0	101	162	145	168	190	207	212	215	218	218	215	213	212	208	206	201	202	197	193	188	188	163	205	21	0	0	0	0	82	177	167	187	198	203	203	206	207	208	208	207	206	203	202	195	186	183	187	190	195	175	202	0	0	0	0	0	20	206	217	218	237	235	235	245	241	238	238	240	240	237	237	241	235	216	200	190	187	207	135	0	0	0	0	0	0	55	178	207	207	208	210	208	207	212	220	216	217	216	216	213	215	218	226	212	201	128	0	0	0
0	0	0	0	0	0	1	0	0	0	0	0	0	0	0	0	0	0	0	0	0	1	0	0	0	0	0	0	0	0	0	0	0	0	0	0	39	198	247	138	55	18	21	44	101	246	173	20	0	0	0	0	0	0	0	0	0	0	0	0	0	34	180	216	255	255	255	255	255	153	253	255	255	255	255	253	210	157	18	0	0	0	0	0	0	0	0	0	0	80	255	255	247	246	246	242	255	41	165	255	239	247	246	249	255	255	98	0	0	0	0	0	0	0	0	0	0	5	243	247	249	250	247	247	255	255	255	255	250	248	249	250	246	253	51	0	0	0	0	0	0	0	0	0	0	0	255	255	248	249	249	249	248	249	249	248	248	248	249	250	248	255	44	0	0	0	0	0	0	0	0	0	0	0	218	255	246	250	249	249	250	248	248	250	248	249	249	247	253	255	0	0	0	0	0	0	0	0	0	0	0	0	149	255	245	250	249	249	249	249	249	249	249	249	249	248	255	254	0	0	0	0	0	0	0	0	0	0	0	0	82	255	246	249	249	249	249	249	249	249	249	249	249	248	255	255	0	0	0	0	0	0	0	0	0	0	0	0	12	248	250	250	249	249	249	249	249	249	249	248	250	245	255	136	0	0	0	0	0	0	0	0	0	0	0	0	0	240	251	248	249	249	249	249	249	249	248	248	250	246	255	75	0	0	0	0	0	0	0	0	0	0	0	0	0	255	254	246	248	249	249	249	249	249	248	248	249	249	249	19	0	0	0	0	0	0	0	0	0	0	0	0	0	248	255	248	249	249	249	249	249	249	249	248	247	253	236	0	0	0	0	0	0	0	0	0	0	0	0	0	0	227	255	246	249	249	249	249	249	249	249	250	247	255	247	0	0	0	0	0	0	0	0	0	0	0	0	0	0	216	255	248	249	249	249	249	249	249	249	249	246	255	195	0	0	0	0	0	0	0	0	0	0	0	0	0	0	211	255	247	250	249	249	249	249	249	249	250	245	255	167	0	2	0	0	0	0	0	0	0	0	0	0	0	0	207	255	246	249	249	249	249	249	249	250	251	246	255	144	0	3	0	0	0	0	0	0	0	0	0	0	0	0	203	255	245	249	249	249	249	249	249	249	250	246	255	133	0	2	0	0	0	0	0	0	0	0	0	0	0	0	200	255	246	250	249	249	249	249	249	249	249	245	255	138	0	2	0	0	0	0	0	0	0	0	0	0	0	0	204	255	246	250	249	249	249	249	249	250	251	244	255	148	0	3	0	0	0	0	0	0	0	0	0	0	0	0	217	255	247	249	249	249	249	249	249	250	251	244	255	161	0	3	0	0	0	0	0	0	0	0	0	0	0	0	236	255	248	249	249	249	249	249	249	250	251	244	255	174	0	0	0	0	0	0	0	0	0	0	0	0	0	0	255	254	246	249	249	249	249	249	249	249	250	246	255	201	0	0	0	0	0	0	0	0	0	0	0	0	0	0	234	253	249	249	249	249	249	249	249	249	249	247	255	226	0	0	0	0	0	0	0	0	0	0	0	0	0	0	240	251	250	250	249	249	249	249	249	249	249	248	254	214	0	0	0	0	0	0	0	0	0	0	0	0	0	30	255	247	247	245	245	246	245	244	244	244	248	245	252	251	1	0	0	0	0	0	0	0	0	0	0	0	0	0	239	255	254	255	255	255	255	255	255	255	255	255	252	213	0	0	0	0	0	0	0	0	0	0	0	0	0	0	0	44	113	160	169	190	193	185	179	172	155	113	23	0	0	0	0	0	0	0	0
0	0	0	0	0	0	0	19	127	43	0	0	0	0	0	0	0	0	70	68	0	0	0	0	0	0	0	0	0	0	0	0	0	0	112	172	170	247	238	249	215	192	215	235	216	243	241	111	184	118	0	0	0	0	0	0	0	0	0	0	0	77	155	57	75	144	211	247	252	254	253	252	239	202	110	152	183	170	101	0	0	0	0	0	0	0	0	0	0	173	104	143	171	172	144	150	186	187	183	158	139	195	116	154	198	109	182	54	0	0	0	0	0	0	0	0	177	207	170	133	126	151	196	174	169	174	120	162	101	18	198	125	94	52	125	160	0	0	0	0	0	0	0	0	72	244	195	55	75	94	114	110	108	195	236	230	35	34	78	109	140	0	133	64	0	0	0	0	0	0	0	0	0	217	217	176	56	5	23	31	89	146	111	178	175	196	159	111	147	74	192	0	0	0	0	0	0	0	0	0	0	194	180	215	255	187	51	21	36	90	107	198	198	164	204	200	178	214	184	0	0	0	0	0	0	0	0	0	0	108	197	168	221	254	211	94	23	0	25	154	210	196	188	216	165	199	90	0	0	0	0	0	0	0	0	0	0	32	255	155	122	189	248	244	125	58	161	202	169	168	183	198	206	215	1	0	0	0	0	0	0	0	0	0	0	0	221	186	142	179	160	163	171	154	135	134	169	163	155	191	190	173	0	0	0	0	0	0	0	0	0	0	0	0	113	204	211	181	186	195	205	199	199	238	185	194	187	169	229	97	0	1	0	0	0	0	0	0	0	0	3	0	68	187	220	178	192	228	236	141	22	107	175	164	177	192	209	23	0	0	0	0	0	0	0	0	0	0	0	0	25	164	211	185	217	247	164	35	7	89	247	203	194	195	199	60	0	2	0	0	0	0	0	0	0	0	1	0	67	216	179	196	255	153	41	32	93	153	227	173	188	198	220	79	0	2	0	0	0	0	0	0	0	0	3	0	104	208	142	177	221	50	59	100	135	140	206	218	174	194	234	110	0	3	0	0	0	0	0	0	0	0	0	0	90	191	130	212	84	58	77	117	198	203	225	137	197	99	210	142	0	3	0	0	0	0	0	0	0	0	0	0	102	188	127	210	82	112	143	133	174	242	250	29	57	153	201	139	0	3	0	0	0	0	0	0	0	0	0	0	53	144	126	224	136	145	194	145	183	240	238	135	121	211	198	137	0	0	0	0	0	0	0	0	0	0	1	0	88	165	118	247	143	186	223	194	254	219	189	194	237	199	204	164	0	0	0	0	0	0	0	0	0	0	0	0	211	155	136	217	153	176	207	236	186	199	175	203	174	189	202	141	0	0	0	0	0	0	0	0	0	0	0	0	214	155	141	194	178	148	235	193	155	168	178	221	195	186	203	172	0	0	0	0	0	0	0	0	0	0	0	1	206	145	106	186	179	189	244	176	158	132	160	130	197	219	216	212	0	0	0	0	0	0	0	0	0	0	0	0	196	171	184	145	214	179	170	176	169	246	219	137	115	147	184	190	1	0	0	0	0	0	0	0	0	0	0	0	204	157	139	157	181	98	152	112	186	223	198	150	141	190	103	116	0	0	0	0	0	0	0	0	0	0	0	0	186	176	137	136	135	93	104	97	229	228	208	146	111	133	152	135	0	0	0	0	0	0	0	0	0	0	0	0	207	157	173	209	225	225	187	245	255	248	239	233	142	117	205	172	0	0	0	0	0	0	0	0	0	0	0	0	133	134	86	137	90	123	162	173	123	48	6	30	100	88	104	24	0	0	0	0	0	0
0	0	0	0	0	0	0	0	0	0	0	0	0	0	0	0	0	0	0	0	0	0	0	0	0	0	0	0	0	0	0	0	0	0	0	0	0	0	0	0	0	0	0	0	0	0	0	0	0	0	0	0	0	0	0	0	0	0	0	0	0	0	0	0	0	0	0	0	0	0	0	0	0	0	0	0	0	0	0	0	0	0	0	0	0	0	0	0	0	0	0	0	0	0	0	0	0	0	0	0	0	0	0	0	0	0	0	0	0	0	0	0	0	0	0	0	0	0	0	0	0	0	0	0	0	0	0	0	0	0	0	0	0	0	0	0	0	0	0	0	0	0	0	0	0	0	0	0	0	0	0	0	0	0	0	0	0	0	0	0	0	0	0	0	0	0	0	0	0	0	8	45	40	37	40	42	40	37	40	42	42	45	45	45	45	42	34	37	37	40	40	24	24	32	21	0	0	0	26	131	118	115	107	104	96	85	85	85	83	80	77	77	77	80	88	88	91	93	102	107	104	123	88	0	0	0	128	128	123	134	131	134	131	134	128	126	126	131	131	131	131	131	136	139	144	147	142	150	139	153	128	0	0	185	187	115	123	123	123	126	131	134	131	136	136	134	134	136	136	142	142	139	139	142	136	144	144	150	115	0	21	244	13	139	118	126	123	128	134	131	128	134	131	139	139	139	139	139	136	136	139	136	139	144	134	144	126	0	99	93	42	153	115	126	123	126	131	131	128	134	131	134	134	136	139	139	134	134	136	134	136	136	136	153	163	0	102	18	18	147	120	128	126	126	128	128	131	131	134	139	139	139	144	139	134	136	136	134	131	131	147	131	179	51	67	5	32	128	93	112	126	128	134	131	126	136	123	118	120	139	123	128	134	134	131	142	136	134	128	107	161	72	42	2	72	187	147	115	91	96	96	128	136	163	161	158	161	131	163	158	123	136	120	115	102	115	150	171	182	42	24	26	42	204	204	214	225	182	150	91	107	115	42	8	5	5	10	118	104	99	134	177	212	233	198	174	147	18	0	26	88	169	171	187	209	220	228	220	195	193	91	96	128	112	40	193	220	204	255	225	190	158	123	147	139	0	0	0	120	179	153	144	150	161	161	187	195	163	118	75	56	69	126	195	217	134	134	123	126	144	134	150	88	0	2	0	61	161	142	150	144	139	139	136	177	112	136	120	29	34	174	217	163	110	131	136	131	139	118	153	88	0	0	0	88	166	136	139	139	158	166	161	182	128	5	5	69	21	0	118	171	115	131	131	128	120	128	139	83	0	0	0	48	171	163	187	193	185	171	177	155	212	163	134	118	153	155	161	134	123	123	118	123	136	120	139	91	0	0	56	177	144	150	150	155	169	179	155	161	118	214	214	185	174	182	163	144	155	150	153	147	147	144	169	26	0	0	59	115	80	77	80	88	88	102	107	126	75	72	115	91	77	75	67	72	83	72	83	83	72	80	24	0	0	0	0	0	0	0	0	0	0	0	0	0	0	0	0	0	0	0	0	0	0	0	0	0	0	0	0	0	0	0	0	0	0	0	0	0	0	0	0	0	0	0	0	0	0	0	0	0	0	0	0	0	0	0	0	0	0	0	0	0	0	0	0	0	0	0	0	0	0	0	0	0	0	0	0	0	0	0	0	0	0	0	0	0	0	0	0	0	0	0	0	0	0	0	0	0	0	0	0	0	0	0	0	0	0	0	0	0	0	0	0	0	0	0	0	0	0	0	0	0	0	0	0	0	0	0	0	0	0	0	0	0	0	0	0	0	0	0	0	0	0
0	0	0	0	0	3	1	0	0	0	0	0	0	0	0	0	0	0	0	0	0	1	2	0	0	0	0	0	0	0	0	0	1	0	0	0	40	116	176	188	130	88	98	159	199	185	132	39	0	0	0	2	0	0	0	0	0	0	0	0	0	0	158	207	229	234	219	224	235	231	234	237	218	215	234	240	209	143	0	0	0	0	0	0	0	0	0	0	0	163	242	215	210	195	197	202	196	195	193	193	200	212	175	144	211	244	168	0	0	0	0	0	0	0	0	0	55	223	200	211	130	161	210	201	198	196	199	206	202	213	179	103	202	209	228	66	0	0	0	0	0	0	0	0	144	218	203	206	214	234	219	218	216	211	200	196	211	220	245	242	209	202	218	148	0	0	0	0	0	0	0	0	178	218	202	209	207	135	168	94	89	72	107	83	150	96	111	172	206	203	214	200	0	0	0	0	0	0	0	0	222	212	202	215	182	114	207	146	158	164	175	161	165	150	106	120	221	210	207	251	0	0	0	0	0	0	0	8	245	212	211	232	205	125	66	63	60	49	33	35	41	56	59	182	222	219	204	253	28	0	0	0	0	0	0	69	213	209	220	238	216	60	64	117	129	133	138	145	155	133	36	162	244	224	205	226	75	0	0	0	0	0	0	141	212	206	223	213	200	221	233	232	230	224	225	228	223	232	236	207	216	226	200	224	160	0	0	0	0	0	0	171	217	231	247	176	200	196	200	191	197	194	193	195	192	196	203	188	141	255	224	218	166	0	0	0	0	0	0	0	18	110	109	85	228	195	204	206	200	199	201	204	200	206	205	226	34	138	79	1	0	0	0	0	0	0	0	0	0	0	0	79	245	190	200	203	200	201	201	202	203	199	205	241	25	0	0	0	0	0	0	0	0	0	0	1	2	8	0	102	213	195	200	204	202	203	203	204	205	196	208	210	58	0	6	3	0	0	0	0	0	0	0	0	0	3	0	115	213	193	206	207	203	203	204	205	207	197	205	212	56	0	2	1	0	0	0	0	0	0	0	0	0	1	0	133	210	196	208	208	204	206	205	206	206	201	202	216	67	0	3	0	0	0	0	0	0	0	0	0	0	0	0	140	208	199	211	206	203	208	204	206	206	203	200	222	82	0	4	0	0	0	0	0	0	0	0	0	0	0	0	145	210	202	211	203	207	208	205	206	207	207	197	224	105	0	4	0	0	0	0	0	0	0	0	0	0	0	0	149	212	204	212	203	210	207	207	207	208	213	197	226	113	0	3	0	0	0	0	0	0	0	0	0	0	0	0	150	211	207	212	206	209	208	208	209	210	209	199	223	123	0	2	0	0	0	0	0	0	0	0	0	0	0	0	152	214	209	209	208	210	208	208	210	210	207	203	214	158	0	0	0	0	0	0	0	0	0	0	0	0	0	0	168	219	207	207	210	211	209	209	211	211	209	205	214	168	0	0	0	0	0	0	0	0	0	0	0	0	0	0	176	215	207	209	209	209	209	209	209	210	209	206	218	179	0	0	0	0	0	0	0	0	0	0	0	0	0	0	180	218	206	209	209	209	209	209	209	209	208	205	216	199	0	0	1	0	0	0	0	0	0	0	0	0	0	0	167	218	208	208	208	208	206	205	205	204	203	202	212	173	0	0	1	0	0	0	0	0	0	0	0	0	0	0	175	215	208	210	212	214	219	223	226	227	229	214	226	188	0	0	1	0	0	0	0	0	0	0	0	1	0	0	187	217	205	208	202	200	185	175	167	161	165	151	162	133	0	0	1	0	0	0	0
0	0	0	0	0	0	0	0	0	0	0	0	87	119	111	136	95	0	0	0	0	0	0	0	0	0	0	0	0	0	0	0	0	0	0	2	0	0	0	101	225	190	184	216	242	64	0	0	0	0	0	0	0	0	0	0	0	0	0	0	0	0	0	0	0	0	79	204	176	207	202	230	163	242	70	0	0	1	3	0	0	0	0	0	0	0	0	0	0	0	0	0	43	170	179	228	161	221	224	194	131	230	220	81	0	0	0	0	0	0	0	0	0	0	0	0	0	0	78	169	189	204	122	222	206	247	153	216	247	206	213	144	180	118	0	0	0	0	0	0	0	0	0	2	0	0	199	161	180	204	108	255	118	193	252	207	168	178	231	147	219	238	127	0	0	0	0	0	0	0	0	1	0	92	154	138	171	200	70	255	117	105	129	241	96	101	230	41	186	161	204	17	0	0	0	0	0	0	0	0	0	204	198	185	208	254	109	255	165	146	84	255	163	192	255	123	255	171	221	74	0	0	0	0	0	0	0	0	36	133	166	200	126	96	156	242	37	164	255	185	114	94	189	67	213	129	193	135	0	0	0	0	0	0	0	0	82	185	186	238	142	129	241	158	164	180	196	255	220	26	255	209	175	172	219	216	0	0	0	0	0	0	0	0	119	163	203	208	77	255	138	64	75	135	70	164	109	141	214	88	231	61	172	161	0	0	0	0	0	0	0	0	176	157	187	202	179	192	100	255	159	194	226	254	195	255	165	65	255	167	214	202	0	0	0	0	0	0	0	0	181	144	234	187	200	109	83	254	78	92	214	219	169	135	86	254	232	78	157	194	0	0	0	0	0	0	0	0	193	117	194	176	199	243	151	255	109	153	116	221	105	157	192	133	253	149	196	255	11	0	0	0	0	0	0	0	218	170	247	160	172	188	77	255	105	231	226	254	129	221	216	90	255	131	178	223	0	0	0	0	0	0	0	18	152	123	183	132	204	182	84	248	77	67	137	219	28	155	142	82	231	139	193	245	40	0	0	0	0	0	0	62	217	199	255	147	209	209	129	255	161	117	109	255	147	253	201	165	255	217	210	251	55	0	0	0	0	0	0	81	97	134	169	140	179	167	66	235	24	197	255	184	26	158	109	92	210	178	177	191	34	0	0	0	0	0	0	131	192	229	199	128	216	235	155	255	156	152	129	255	136	251	215	195	225	236	211	255	113	0	0	0	0	0	0	109	102	203	181	31	185	149	58	228	35	138	53	213	54	161	155	125	116	174	170	172	39	0	0	0	0	0	0	149	143	232	107	15	255	211	164	255	135	196	254	254	110	213	236	201	132	202	212	219	138	0	0	0	0	0	0	155	142	255	106	0	232	113	73	245	74	120	168	255	93	174	198	106	97	128	172	179	66	0	0	0	0	0	0	126	136	224	12	32	255	194	145	255	88	202	114	208	86	172	221	171	79	83	203	202	86	0	0	0	0	0	0	134	210	242	34	50	207	147	139	255	97	255	215	255	137	203	216	156	54	91	241	225	55	0	0	0	0	0	0	132	190	172	17	78	238	145	164	221	74	113	72	227	53	137	190	149	141	109	209	153	97	0	0	0	0	0	0	127	142	155	0	8	238	159	196	217	136	245	172	234	156	195	232	180	111	57	159	124	58	0	0	0	0	0	0	0	0	19	0	0	88	104	204	219	90	235	235	218	112	158	242	44	0	0	0	0	0	0	0	0	0	0	0	0	0	0	0	0	0	0	12	30	41	82	48	125	72	37	3	0	0	0	0	0	0	0	0	0
0	0	0	0	0	0	0	0	0	0	0	0	0	0	0	0	0	0	0	0	0	0	0	0	0	0	0	0	0	0	0	0	0	0	0	0	0	0	0	0	0	0	0	0	0	0	0	0	0	0	0	0	0	0	0	0	0	0	0	0	0	0	0	0	0	0	0	0	0	0	0	0	0	0	0	0	0	0	0	0	0	0	0	0	0	0	0	0	0	0	0	0	0	0	0	0	0	0	0	0	0	0	0	0	0	0	0	0	0	0	0	0	0	0	0	0	0	0	0	0	0	0	0	0	0	0	0	0	0	0	0	0	0	0	0	0	0	0	0	0	0	0	0	0	0	0	0	0	0	0	0	0	0	0	0	0	0	0	0	0	0	0	0	0	0	0	0	0	0	0	0	0	0	0	0	0	0	0	0	0	0	0	0	0	0	0	0	0	0	0	0	0	0	0	0	0	0	0	0	0	0	0	0	0	0	0	0	0	0	0	0	0	0	0	0	0	0	0	0	0	0	0	0	0	0	0	0	0	0	0	0	0	0	0	0	0	0	0	3	0	94	155	112	51	3	0	0	0	0	0	0	0	0	0	0	0	0	0	0	0	0	0	0	0	0	0	1	0	75	134	171	201	203	184	168	112	33	68	18	0	0	0	0	0	0	0	0	0	0	0	0	0	0	1	1	0	0	0	0	11	79	131	171	216	255	221	199	53	0	0	0	0	0	0	0	0	3	1	1	0	0	0	0	0	1	1	0	0	0	0	0	0	14	162	177	31	0	0	0	0	0	1	1	0	0	0	0	0	0	0	0	0	0	1	3	1	1	0	0	14	129	242	140	0	0	0	0	0	1	0	0	0	38	107	25	0	3	0	0	0	0	0	0	0	0	0	53	184	251	242	182	0	0	0	0	0	0	0	44	90	140	136	127	0	0	3	0	0	0	0	1	0	33	138	142	212	223	206	229	0	0	0	0	0	48	116	109	68	44	121	157	96	0	1	0	0	0	0	0	0	157	173	201	201	186	195	234	38	0	1	1	0	97	123	86	92	94	121	179	182	51	0	0	1	1	3	0	86	127	173	208	197	199	188	206	118	0	0	0	0	66	94	90	77	75	57	116	171	192	0	0	0	0	0	68	188	136	173	192	205	214	203	214	133	57	72	81	68	112	107	92	99	105	88	64	75	77	85	51	62	72	70	101	94	110	110	118	123	121	105	103	51	72	105	105	105	97	99	114	121	127	114	125	101	101	112	131	107	112	110	96	96	97	133	112	103	99	101	114	81	29	36	40	40	49	44	60	57	60	68	68	73	70	73	68	72	66	70	72	68	64	81	83	81	86	86	85	51	0	0	0	0	0	0	0	0	0	0	0	0	0	0	0	0	0	0	0	0	0	0	0	0	0	0	0	0	0	0	0	0	0	0	0	0	0	0	0	0	0	0	0	0	0	0	0	0	0	0	0	0	0	0	0	0	0	0	0	0	0	0	0	0	0	0	0	0	0	0	0	0	0	0	0	0	0	0	0	0	0	0	0	0	0	0	0	0	0	0	0	0	0	0	0	0	0	0	0	0	0	0	0	0	0	0	0	0	0	0	0	0	0	0	0	0	0	0	0	0	0	0	0	0	0	0	0	0	0	0	0	0	0	0	0	0	0	0	0	0	0	0	0	0	0	0	0	0	0	0	0	0	0	0	0	0	0	0	0	0	0	0	0	0	0	0	0	0	0	0	0	0	0	0	0	0	0	0	0	0	0	0	0	0	0	0	0	0	0	0	0	0	0	0	0	0
0	0	0	0	0	0	0	0	0	0	0	0	0	0	0	0	0	0	0	0	0	0	0	0	0	0	0	0	0	0	0	0	0	0	0	0	0	0	0	0	0	0	0	0	0	0	0	0	0	0	0	0	0	0	0	0	0	0	0	0	0	0	0	0	0	0	0	0	0	0	0	0	0	0	0	0	0	0	0	0	0	0	0	0	0	0	0	0	0	0	0	0	0	0	0	0	0	0	0	0	0	0	0	0	0	0	0	0	0	0	0	0	1	0	0	57	61	45	43	40	35	29	28	26	27	7	5	7	6	6	6	12	17	17	24	30	28	54	0	0	0	6	80	164	173	190	194	193	192	190	189	185	183	179	177	176	175	172	170	170	172	172	172	180	162	211	35	0	0	86	225	174	176	180	181	181	180	180	182	181	180	179	177	176	175	174	173	172	170	170	166	162	155	156	176	38	0	116	204	170	176	174	176	175	176	177	182	185	187	183	182	181	181	179	176	176	173	172	172	165	170	157	182	92	0	150	210	174	182	180	180	181	182	182	182	182	183	181	181	181	181	180	177	177	175	174	174	171	173	168	171	113	0	182	218	179	190	188	188	188	185	183	184	184	184	183	183	182	182	181	180	179	177	179	177	174	179	177	182	164	0	205	217	182	194	191	190	189	188	185	185	184	184	184	184	183	182	182	182	182	181	182	182	177	180	177	185	207	0	205	211	175	194	191	190	188	187	188	187	185	185	187	185	185	184	184	182	183	184	183	189	183	181	176	183	208	0	210	209	180	187	188	188	188	187	188	188	187	187	187	187	187	187	187	183	183	183	184	184	185	184	185	177	179	21	232	198	192	188	191	190	190	189	188	188	187	185	185	185	185	187	185	185	185	185	184	185	187	185	185	187	179	102	250	196	190	192	191	191	191	190	189	189	188	188	188	188	188	188	188	188	188	188	188	187	188	185	184	196	167	140	201	209	184	196	193	193	193	193	192	192	191	190	191	191	191	191	191	190	190	190	189	191	191	192	189	206	157	123	159	232	172	190	184	185	184	183	181	182	182	182	182	181	181	180	181	183	182	182	181	184	189	181	185	213	131	94	165	227	190	216	216	217	218	219	219	221	222	223	219	218	218	218	217	215	214	214	213	217	218	219	204	225	108	70	167	238	197	194	197	198	199	200	201	200	201	201	200	200	201	204	204	201	202	204	204	206	207	230	198	243	95	49	142	221	174	189	190	185	183	182	182	182	181	180	181	182	183	183	184	184	185	188	189	185	187	190	182	248	63	54	91	190	194	199	198	198	198	198	197	197	196	194	192	192	192	193	190	189	190	192	193	192	193	192	191	224	0	0	109	160	206	193	193	193	193	196	198	198	199	197	193	187	190	190	187	187	188	189	190	191	190	182	182	154	0	0	12	194	231	225	225	225	225	226	226	225	224	222	224	217	218	209	213	213	211	210	209	206	211	204	217	65	0	0	0	193	218	215	224	227	255	250	252	226	226	226	218	148	164	156	150	143	140	134	130	125	107	111	125	0	0	0	0	0	13	34	39	53	64	72	78	77	72	79	0	0	0	0	0	0	0	0	0	0	0	0	0	0	0	0	0	0	0	0	0	0	0	0	0	0	0	0	0	0	0	0	0	0	0	0	0	0	0	0	0	0	0	0	0	0	0	0	0	0	0	0	0	0	0	0	0	0	0	0	0	0	0	0	0	0	0	0	0	0	0	0	0	0	0	0	0	0	0	0	0	0	0	0	0	0	0	0	0	0	0	0	0	0	0	0	0	0	0
0	0	0	0	0	0	0	0	64	104	61	76	81	76	75	76	72	67	88	73	0	0	0	0	0	0	0	0	0	0	0	0	0	0	0	0	197	209	183	218	215	208	192	204	198	171	178	177	0	0	1	0	0	0	0	0	0	0	0	0	0	1	0	0	161	174	194	187	164	179	156	110	161	151	154	122	0	0	3	0	0	0	0	0	0	0	0	0	0	3	0	4	161	168	200	149	157	173	130	172	139	121	166	149	2	0	3	0	0	0	0	0	0	0	0	0	0	2	0	46	161	181	192	143	167	166	155	184	158	130	179	146	45	0	3	0	0	0	0	0	0	0	0	0	0	1	0	90	155	177	224	157	171	187	163	136	142	141	182	142	57	0	0	0	0	0	0	0	0	0	0	0	0	0	0	135	176	107	158	216	199	177	163	172	150	98	158	170	79	1	0	0	0	0	0	0	0	0	0	0	0	0	0	144	205	64	57	236	189	176	154	154	183	28	111	185	133	0	0	0	0	0	0	0	0	0	0	0	0	0	26	162	173	29	164	224	179	176	161	132	181	90	48	190	128	29	0	0	0	0	0	0	0	0	0	0	0	0	81	179	168	30	232	210	140	147	160	152	163	153	17	183	144	46	0	0	0	0	0	0	0	0	0	0	0	0	107	167	121	39	255	165	165	192	142	156	151	157	1	179	162	59	0	0	0	0	0	0	0	0	0	0	0	0	107	152	71	109	235	130	185	175	152	163	152	160	38	76	190	111	0	0	0	0	0	0	0	0	0	0	0	4	174	182	61	155	222	126	170	178	114	155	154	193	80	73	168	136	80	0	0	0	0	0	0	0	0	0	0	112	153	139	26	205	205	119	176	217	121	163	165	145	109	49	181	122	62	0	0	0	0	0	0	0	0	0	0	50	26	0	0	215	175	141	199	187	157	134	103	120	156	0	0	66	30	0	0	0	0	0	0	0	0	0	0	0	15	0	0	232	184	162	207	181	120	162	115	113	155	0	0	47	43	0	0	0	0	0	0	0	0	0	0	1	0	0	0	193	190	151	207	213	120	149	168	161	187	7	0	16	26	0	0	0	0	0	0	0	0	0	0	0	2	0	11	202	199	164	200	187	140	153	161	155	163	11	0	0	0	0	0	0	0	0	0	0	0	0	0	0	4	0	19	172	189	177	200	199	137	145	161	145	146	26	0	3	1	0	0	0	0	0	0	0	0	0	0	0	4	0	47	139	162	130	121	128	147	142	113	188	150	57	0	4	0	0	0	0	0	0	0	0	0	0	0	0	5	0	61	146	166	131	129	110	155	171	98	196	160	71	0	4	0	0	0	0	0	0	0	0	0	0	0	0	4	0	56	142	174	107	129	133	130	160	117	197	161	78	0	4	0	0	0	0	0	0	0	0	0	0	0	0	5	0	66	152	170	82	124	131	143	168	100	192	142	56	0	4	0	0	0	0	0	0	0	0	0	0	0	0	5	0	88	179	157	132	141	104	154	152	97	190	142	72	0	3	1	0	0	0	0	0	0	0	0	0	0	0	6	0	91	166	160	133	136	128	135	124	111	192	164	93	0	4	0	0	0	0	0	0	0	0	0	0	0	0	5	0	108	183	158	129	139	117	143	136	105	196	174	86	0	3	0	0	0	0	0	0	0	0	0	0	0	0	4	0	107	179	173	129	132	123	139	132	115	199	171	96	0	0	1	0	0	0	0	0	0	0	0	0	0	0	2	0	78	133	137	133	137	108	119	136	97	165	160	78	0	0	1	0	0	0	0	0
0	0	0	0	0	0	0	0	0	0	0	0	0	0	0	0	0	0	0	0	0	0	0	0	0	0	0	0	0	0	0	0	0	0	0	0	0	0	0	0	0	0	0	0	0	0	0	0	0	0	0	0	0	0	0	0	0	0	0	0	0	0	0	0	0	0	0	0	0	0	0	0	0	0	0	0	0	0	0	0	0	0	0	0	0	0	0	0	0	0	0	0	0	0	0	0	0	0	0	0	0	0	0	0	0	0	0	0	0	0	0	0	0	0	0	0	0	0	0	0	0	0	0	0	0	0	0	0	0	0	0	0	0	0	0	0	0	0	0	0	0	0	0	0	0	0	0	0	0	0	0	0	0	0	0	0	0	0	0	0	0	0	0	0	0	0	0	0	0	0	0	0	0	0	0	0	0	0	0	0	0	0	0	0	0	0	0	0	0	0	0	0	0	0	0	0	0	0	0	0	0	0	0	0	0	0	0	0	0	0	0	0	0	0	0	0	0	0	0	0	0	0	0	0	0	0	0	0	0	0	0	0	0	0	0	0	0	0	0	0	50	88	0	0	0	1	0	0	0	53	32	0	0	0	0	0	0	0	0	0	0	2	4	0	0	0	113	169	106	206	64	0	3	0	1	1	0	134	107	9	0	0	0	0	0	0	0	1	3	0	0	0	52	141	153	155	147	121	103	0	0	0	0	0	0	121	167	0	0	0	0	0	0	0	3	0	0	0	56	142	137	138	156	203	174	151	214	129	22	0	0	0	73	163	169	6	0	0	0	3	6	0	0	7	83	138	153	137	163	154	168	235	205	172	179	156	217	184	151	161	194	180	182	70	1	3	0	0	0	0	54	135	147	134	137	153	181	137	210	144	165	254	187	170	202	196	194	181	224	195	178	149	0	0	0	0	29	105	133	136	138	142	148	140	165	172	156	182	141	133	153	179	163	204	206	160	171	179	166	155	4	97	112	117	124	130	126	160	143	154	169	175	196	184	166	187	184	174	191	191	204	221	189	205	192	210	182	120	3	30	38	50	74	96	119	132	156	186	170	167	194	161	201	177	163	226	224	194	161	176	132	135	131	128	109	53	22	4	2	2	0	0	0	1	0	0	0	0	0	0	0	0	0	0	0	0	0	0	0	0	0	0	0	2	29	47	40	32	36	36	29	30	27	30	27	27	27	27	29	30	26	32	29	31	32	36	38	36	40	41	40	40	8	22	33	43	48	47	47	47	43	42	44	44	43	42	42	43	43	43	43	47	45	47	52	51	53	52	52	43	0	0	0	0	7	8	12	15	22	24	21	21	24	27	26	26	30	27	31	31	29	31	29	24	21	16	12	1	0	0	0	0	0	0	0	0	0	0	0	0	0	0	0	0	0	0	0	0	0	0	0	0	0	0	0	0	0	0	0	0	0	0	0	0	0	0	0	0	0	0	0	0	0	0	0	0	0	0	0	0	0	0	0	0	0	0	0	0	0	0	0	0	0	0	0	0	0	0	0	0	0	0	0	0	0	0	0	0	0	0	0	0	0	0	0	0	0	0	0	0	0	0	0	0	0	0	0	0	0	0	0	0	0	0	0	0	0	0	0	0	0	0	0	0	0	0	0	0	0	0	0	0	0	0	0	0	0	0	0	0	0	0	0	0	0	0	0	0	0	0	0	0	0	0	0	0	0	0	0	0	0	0	0	0	0	0	0	0	0	0	0	0	0	0	0	0	0	0	0	0	0	0	0	0	0	0	0	0	0	0	0	0	0	0	0	0	0	0	0	0	0	0	0	0
0	0	0	0	0	0	0	0	0	0	0	0	0	0	0	0	0	0	0	0	0	0	0	0	0	0	0	0	0	0	0	0	0	0	0	0	0	0	0	0	0	0	0	0	0	0	0	0	0	0	0	0	0	0	0	0	0	0	0	0	0	0	0	0	0	0	0	0	67	148	181	104	9	0	0	0	0	0	0	0	0	0	0	0	0	0	0	0	0	0	0	0	0	5	0	161	192	23	0	57	234	66	0	1	0	0	0	0	0	0	0	0	0	0	0	0	0	0	0	0	1	0	74	156	0	0	0	0	19	198	0	0	1	0	0	0	0	0	0	0	0	0	0	0	0	0	0	0	0	0	118	0	0	4	0	10	0	103	50	0	1	0	0	0	0	0	0	0	0	0	0	0	0	0	0	1	0	54	233	0	0	0	2	0	0	38	199	0	0	0	0	0	0	0	0	0	0	0	0	0	0	0	0	1	0	183	162	0	0	0	1	0	0	0	206	59	0	4	0	3	0	0	0	0	0	1	2	0	1	0	0	0	0	188	149	0	0	1	0	0	0	0	172	138	0	0	0	1	0	0	0	2	0	0	0	0	0	0	0	0	0	209	133	0	0	0	0	0	0	0	145	100	0	0	0	0	0	0	0	0	0	71	9	36	34	35	40	7	17	214	60	0	25	24	18	19	26	0	110	211	4	23	41	42	31	22	11	97	29	227	38	44	50	41	47	11	74	241	38	16	44	38	31	28	36	22	24	255	66	9	39	38	48	39	48	255	64	213	75	24	29	49	53	42	45	96	37	40	47	48	53	51	50	48	36	51	31	42	50	49	32	32	18	66	0	190	93	37	19	224	73	53	55	44	57	72	69	66	59	60	59	58	54	50	57	67	63	52	34	45	27	84	0	255	99	45	27	250	8	25	34	30	31	27	25	23	26	26	25	25	23	20	26	21	23	30	40	42	30	91	0	220	108	49	69	250	28	40	48	50	44	44	48	45	44	44	43	43	46	49	44	43	43	43	43	35	61	78	0	136	164	49	80	137	26	49	51	45	43	46	39	44	44	42	41	40	40	41	41	45	42	40	45	48	67	3	0	44	149	66	67	49	51	54	47	42	45	43	43	41	41	41	42	42	39	39	42	37	45	42	45	45	72	2	0	16	135	73	63	58	56	47	51	48	47	46	45	45	46	47	49	49	52	48	44	46	9	9	29	50	67	14	0	40	147	82	86	56	60	54	52	56	55	53	52	50	49	47	46	44	47	44	50	17	117	174	47	47	72	9	0	27	169	70	89	97	80	65	64	55	55	55	55	56	57	57	57	57	60	57	65	5	226	253	67	35	88	3	0	2	137	48	31	69	69	48	22	30	31	31	34	29	33	28	24	29	23	19	13	0	174	255	16	0	44	1	0	0	141	141	48	2	45	111	184	134	103	109	91	100	106	113	110	114	120	119	116	94	199	237	113	124	171	24	0	20	246	241	222	90	0	7	117	255	241	208	202	213	224	210	209	211	207	214	219	221	206	203	226	236	233	23	0	32	249	234	242	255	244	83	2	22	200	234	233	242	249	251	250	254	252	250	254	255	255	255	255	230	255	29	0	0	70	43	45	38	90	55	19	36	11	83	88	48	56	58	54	52	54	67	70	75	73	69	74	66	88	0	0	0	0	0	0	0	0	0	0	0	0	0	0	0	0	0	0	0	0	0	0	0	0	0	0	0	0	0	0	0	0	0	0	0	0	0	0	0	0	0	0	0	0	0	0	0	0	0	0	0	0	0	0	0	0	0
0	0	0	0	2	0	0	0	0	0	76	144	184	170	113	129	187	184	66	0	0	0	0	0	0	0	0	0	0	0	0	0	0	0	0	39	144	209	230	195	227	229	184	193	241	223	233	216	137	5	0	0	0	0	0	0	0	0	0	0	0	0	34	206	194	176	197	181	206	216	227	248	204	185	192	200	210	183	48	0	0	0	0	0	0	0	0	0	1	0	192	198	187	196	196	201	174	205	233	210	184	194	181	175	173	198	175	0	0	0	0	0	0	0	0	0	0	23	211	193	193	198	180	190	195	196	239	191	189	198	196	193	177	201	210	47	0	0	0	0	0	0	0	0	0	139	193	182	196	181	208	188	179	185	241	170	172	197	188	174	200	187	209	128	0	0	0	0	0	0	0	0	0	231	166	201	185	171	192	198	187	174	211	174	190	199	193	172	199	192	185	210	0	0	0	0	0	0	0	0	108	204	199	204	190	204	174	192	202	197	193	204	200	199	188	184	190	206	189	192	18	0	0	0	0	0	0	0	89	213	195	202	206	178	193	210	199	147	187	205	193	192	192	173	207	213	188	218	130	0	0	0	0	0	0	0	0	68	184	224	255	187	187	205	200	194	219	184	177	197	212	179	235	236	196	155	0	0	0	0	0	0	0	0	0	0	0	130	234	208	194	209	196	177	183	202	204	185	184	190	155	115	0	0	0	0	0	0	0	0	0	0	0	1	0	0	69	246	176	187	199	188	171	209	197	196	173	222	23	0	0	0	0	0	0	0	0	0	0	0	0	1	3	0	114	205	190	195	207	215	204	193	202	200	199	235	92	0	3	1	0	0	0	0	0	0	0	0	0	0	1	0	112	205	199	192	187	181	198	181	184	204	178	210	122	0	1	0	0	0	0	0	0	0	0	0	0	0	1	0	105	195	197	209	190	183	188	202	191	211	182	206	143	0	1	0	0	0	0	0	0	0	0	0	0	0	1	0	115	210	187	196	213	209	193	204	199	200	183	202	146	0	0	0	0	0	0	0	0	0	0	0	0	0	1	0	129	207	187	205	204	146	189	216	202	201	165	198	158	0	2	0	0	0	0	0	0	0	0	0	0	0	0	0	145	191	196	204	205	184	211	191	181	200	193	194	171	0	0	0	0	0	0	0	0	0	0	0	0	0	0	0	160	198	199	205	200	199	218	189	194	201	190	182	188	0	0	0	0	0	0	0	0	0	0	0	0	0	0	0	178	210	194	195	195	176	173	214	199	182	162	185	202	0	0	1	0	0	0	0	0	0	0	0	0	1	0	0	192	207	177	194	204	213	204	204	200	215	180	192	183	0	0	2	0	0	0	0	0	0	0	0	0	1	0	0	212	198	205	194	200	197	215	177	191	200	198	179	189	0	0	3	0	0	0	0	0	0	0	0	0	2	0	0	208	188	199	196	190	181	197	188	210	194	125	183	197	0	0	2	0	0	0	0	0	0	0	0	0	2	0	0	184	190	200	205	223	201	212	207	187	212	188	184	196	4	0	3	0	0	0	0	0	0	0	0	0	2	0	0	192	191	190	204	189	182	242	195	195	197	199	180	192	39	0	2	0	0	0	0	0	0	0	0	0	2	0	0	173	192	196	216	183	159	236	202	194	197	188	178	212	89	0	7	0	0	0	0	0	0	0	0	0	0	0	0	137	214	206	218	221	231	247	196	184	212	199	188	218	0	0	2	0	0	0	0	0	0	0	0	0	0	0	0	0	90	107	150	172	159	197	175	164	195	153	46	0	0	0	0	0	0	0	0
0	0	0	0	0	0	0	0	1	0	0	0	0	0	0	0	0	0	0	0	0	0	0	0	0	0	0	0	0	0	0	0	0	0	0	2	2	3	0	123	255	208	217	218	224	142	0	3	2	2	0	0	0	0	0	0	0	0	0	0	0	0	0	0	0	0	0	233	255	254	249	251	255	234	0	0	0	0	0	0	0	0	0	0	0	0	0	0	0	0	0	0	52	147	242	236	228	229	241	243	230	235	228	159	58	0	0	0	0	0	0	0	0	0	0	0	0	0	28	207	246	251	241	231	241	218	236	246	236	234	240	251	245	197	26	0	0	0	0	0	0	0	0	0	0	0	201	250	227	229	228	231	229	240	217	234	234	231	229	228	227	246	213	0	0	0	0	0	0	0	0	0	0	73	250	226	234	232	233	230	230	235	226	232	231	231	231	233	234	225	253	101	0	0	0	0	0	0	0	0	0	145	248	227	232	232	230	230	233	231	219	235	229	232	233	232	233	229	247	177	0	0	0	0	0	0	0	0	0	219	243	231	232	229	230	232	232	231	219	233	231	231	232	233	229	234	242	254	0	0	0	0	0	0	0	0	0	230	232	236	236	229	231	232	229	234	234	231	232	232	232	232	230	236	236	240	12	0	0	0	0	0	0	0	71	248	228	238	239	228	232	232	231	233	231	229	233	232	232	231	241	238	228	249	96	0	0	0	0	0	0	0	133	242	248	255	254	232	234	232	232	232	232	233	232	231	238	232	249	255	246	243	160	0	0	0	0	0	0	0	0	3	121	166	154	255	227	233	232	232	232	232	231	235	229	255	118	148	89	0	0	0	0	0	0	0	0	0	0	0	0	0	94	255	223	233	232	232	232	232	232	234	224	255	78	0	0	0	0	0	0	0	0	0	0	0	0	1	5	0	104	246	227	234	232	232	232	232	232	233	228	247	102	0	7	2	0	0	0	0	0	0	0	0	0	0	3	0	108	244	226	234	232	232	232	232	232	234	227	246	100	0	3	0	0	0	0	0	0	0	0	0	0	0	3	0	110	245	226	234	232	232	232	232	232	235	226	245	102	0	3	0	0	0	0	0	0	0	0	0	0	0	1	0	109	243	227	234	232	232	232	232	232	236	228	246	96	0	3	0	0	0	0	0	0	0	0	0	0	0	1	0	118	245	228	233	232	232	232	232	232	235	230	247	94	0	3	0	0	0	0	0	0	0	0	0	0	0	2	0	132	247	227	234	232	232	232	232	231	234	231	249	92	0	3	0	0	0	0	0	0	0	0	0	0	0	2	0	139	246	227	233	232	232	232	232	232	235	231	249	96	0	3	0	0	0	0	0	0	0	0	0	0	0	2	0	143	245	229	233	232	232	231	232	233	236	230	248	107	0	3	0	0	0	0	0	0	0	0	0	0	0	2	0	144	246	228	233	232	232	232	232	233	233	229	248	109	0	3	0	0	0	0	0	0	0	0	0	0	0	2	0	145	247	228	233	232	232	232	232	233	234	230	248	112	0	3	0	0	0	0	0	0	0	0	0	0	0	1	0	159	247	229	234	233	233	232	232	232	235	228	249	131	0	2	0	0	0	0	0	0	0	0	0	0	0	1	0	161	244	224	228	230	232	232	232	231	232	226	245	143	0	2	0	0	0	0	0	0	0	0	0	0	0	2	0	171	254	231	238	234	230	230	231	234	238	230	250	154	0	2	0	0	0	0	0	0	0	0	0	0	0	0	0	111	211	201	213	222	230	234	230	220	216	212	215	87	0	1	0	0	0	0	0
0	0	1	0	0	0	0	0	0	55	175	144	85	58	63	104	199	85	0	0	0	0	0	0	0	0	0	0	0	0	0	0	0	0	1	105	213	208	180	186	215	228	243	212	188	189	231	170	63	0	0	0	0	0	0	0	0	0	0	0	0	127	197	207	195	183	186	174	177	186	184	159	167	171	174	190	202	176	35	0	3	0	0	0	0	0	0	0	62	194	179	174	177	174	171	169	162	168	164	160	159	158	166	165	158	157	150	2	0	1	0	0	0	0	0	0	163	166	168	168	167	176	172	171	159	149	158	163	167	171	158	152	140	130	135	74	0	0	0	0	0	0	0	31	172	161	161	163	175	163	167	163	166	169	173	159	148	141	143	142	118	146	136	133	11	0	0	0	0	0	0	134	172	168	146	158	165	131	179	173	156	125	102	110	128	144	153	133	106	141	121	133	78	0	0	0	0	0	0	193	155	174	170	165	154	110	127	103	80	87	135	161	155	158	151	101	104	159	125	120	148	0	0	0	0	0	73	170	148	173	210	172	146	108	103	106	128	157	147	137	131	132	124	84	128	165	129	120	130	18	0	0	0	0	103	168	168	176	151	188	154	146	139	153	142	136	137	132	128	130	110	90	94	177	135	140	139	72	0	0	0	0	0	17	106	194	29	209	145	152	140	151	136	139	139	129	134	126	115	117	18	206	163	76	23	0	0	0	0	0	0	0	0	0	18	218	153	151	133	158	133	136	138	123	142	121	121	135	25	0	0	0	0	0	0	0	0	0	0	3	0	0	0	218	157	151	128	166	136	136	143	118	143	122	113	146	39	0	0	4	2	0	0	0	0	0	0	0	1	0	0	169	163	149	127	173	131	133	149	114	143	127	107	162	61	0	2	0	0	0	0	0	0	0	0	0	2	0	0	165	167	145	130	185	130	129	156	110	139	137	95	142	77	0	5	0	0	0	0	0	0	0	0	0	2	0	0	165	168	142	132	192	131	128	161	109	134	145	87	139	87	0	5	0	0	0	0	0	0	0	0	0	2	0	0	173	165	139	131	193	133	127	165	112	132	151	87	146	104	0	5	0	0	0	0	0	0	0	0	0	2	0	0	178	160	142	134	196	133	122	167	113	135	154	92	128	120	0	4	0	0	0	0	0	0	0	0	0	3	0	1	179	159	147	141	201	136	122	173	114	133	157	101	116	130	0	2	0	1	0	0	0	0	0	0	0	3	0	10	174	160	148	143	207	135	122	180	113	131	159	107	105	131	0	0	0	0	0	0	0	0	0	1	0	3	0	21	166	162	147	143	220	135	121	182	114	132	159	112	93	124	0	0	1	0	0	0	0	0	0	1	0	3	0	10	161	166	146	145	230	137	122	185	121	130	165	121	97	94	1	0	1	0	0	0	0	0	0	1	0	2	0	2	163	169	149	148	237	132	120	189	127	128	170	121	110	56	0	0	1	0	0	0	0	0	0	1	0	2	0	3	168	168	152	157	242	132	119	190	133	125	173	125	131	67	0	1	0	0	0	0	0	0	0	1	0	3	0	13	170	166	154	161	241	135	119	189	138	130	169	132	130	89	0	1	0	0	0	0	0	0	0	1	0	3	0	9	169	166	149	157	219	131	109	186	145	127	162	140	125	100	0	0	0	0	0	0	0	0	0	1	0	3	0	17	178	176	167	201	255	142	141	221	165	128	151	139	138	94	0	2	0	0	0	0	0	0	0	0	0	2	0	0	149	164	136	98	128	160	52	107	156	143	141	136	144	52	0	3	0	0	0	0	0
0	0	0	0	0	0	0	0	0	0	0	0	0	0	0	0	0	0	0	0	0	0	0	0	0	0	0	0	0	0	0	0	0	0	0	0	0	0	0	0	0	0	0	0	0	0	0	0	0	0	0	0	0	0	0	0	0	0	0	0	0	0	0	0	0	0	0	0	0	0	0	0	0	0	0	0	0	0	0	0	0	0	0	0	0	0	0	0	0	0	0	0	0	0	0	0	0	0	0	0	0	0	0	0	0	0	0	0	0	0	0	0	0	0	0	0	0	0	0	0	0	0	0	0	0	0	0	0	0	0	0	0	0	0	0	0	0	0	0	0	0	0	0	0	0	0	0	0	0	0	0	0	0	0	0	0	0	24	119	0	0	3	0	0	0	0	0	1	0	0	0	0	0	0	0	0	0	0	0	0	0	0	0	1	0	134	214	203	59	0	0	0	0	0	0	0	0	0	0	0	0	0	0	0	0	0	0	0	0	0	0	0	0	141	203	203	195	40	0	0	0	0	0	0	0	0	0	0	0	0	0	0	0	0	0	0	0	0	2	0	0	238	247	181	215	188	141	119	129	132	120	74	0	0	0	0	0	0	0	0	0	0	0	0	0	0	4	0	33	231	228	224	173	143	159	208	174	160	178	116	0	0	0	0	0	0	0	0	0	0	0	0	0	0	0	0	193	242	224	220	184	205	104	173	197	85	179	151	0	0	0	0	0	0	0	0	0	0	0	0	0	0	0	105	233	224	228	250	193	226	95	120	242	124	160	151	0	0	0	0	0	1	0	0	0	1	0	0	0	0	0	255	225	227	231	248	137	145	160	168	112	152	188	215	0	0	0	0	0	1	0	0	0	1	3	0	0	12	229	229	224	255	158	243	162	120	156	155	126	106	254	110	0	0	0	0	0	1	1	0	0	0	0	0	85	255	222	222	255	176	105	187	149	155	163	141	167	199	236	9	0	0	3	4	2	3	0	0	0	0	110	214	244	222	230	255	190	82	152	154	167	153	155	157	163	142	204	87	0	0	0	0	0	0	0	19	146	193	233	236	191	246	255	160	82	116	162	178	208	162	125	129	128	120	192	95	0	0	66	113	145	113	156	216	219	220	223	156	97	87	93	158	180	193	205	206	158	143	146	147	189	129	145	116	0	182	246	253	221	210	228	210	216	178	168	182	121	158	192	196	211	184	178	177	137	132	209	118	199	211	190	168	68	180	164	183	182	207	207	220	247	99	97	172	160	208	190	147	128	92	88	117	162	115	206	132	108	209	197	177	130	201	183	174	165	157	148	153	179	153	162	170	183	158	161	176	190	201	180	187	197	192	191	185	190	187	188	186	10	152	218	239	240	224	218	199	189	203	206	195	197	211	207	207	202	202	208	206	205	205	201	209	217	219	229	187	0	0	0	31	83	117	154	179	184	182	182	181	183	175	164	165	163	162	158	161	163	164	172	165	146	127	126	39	0	0	0	0	0	0	0	0	0	0	0	0	0	0	0	0	0	0	0	0	0	0	0	0	0	0	0	0	0	0	0	0	0	0	0	0	0	0	0	0	0	0	0	0	0	0	0	0	0	0	0	0	0	0	0	0	0	0	0	0	0	0	0	0	0	0	0	0	0	0	0	0	0	0	0	0	0	0	0	0	0	0	0	0	0	0	0	0	0	0	0	0	0	0	0	0	0	0	0	0	0	0	0	0	0	0	0	0	0	0	0	0	0	0	0	0	0	0	0	0	0	0	0	0	0	0	0	0	0	0	0	0	0	0	0	0	0	0	0	0
0	0	0	0	0	0	0	0	0	0	0	137	107	61	71	99	140	0	0	0	0	1	1	0	0	0	0	0	0	0	0	0	0	0	0	0	44	137	219	222	211	230	226	212	216	216	135	32	0	0	0	1	0	0	0	0	0	0	0	1	0	0	130	185	212	211	202	205	213	212	211	211	200	200	211	207	194	98	0	0	0	0	0	0	0	0	0	0	0	181	224	207	201	205	208	211	208	210	212	208	207	203	201	198	204	218	165	0	0	0	0	0	0	0	0	0	69	231	203	204	206	206	204	205	207	208	209	206	205	206	201	204	198	190	224	68	0	0	0	0	0	0	0	0	160	225	210	207	205	207	207	202	205	208	207	204	200	204	203	202	191	197	224	145	0	0	0	0	0	0	0	0	218	217	211	198	205	209	207	201	197	204	211	198	198	203	204	196	190	204	217	203	0	0	0	0	0	0	0	0	250	209	213	200	195	201	209	204	194	206	210	203	205	206	203	203	201	212	210	240	0	0	0	0	0	0	0	55	255	208	215	208	197	205	206	202	201	207	203	204	208	205	201	204	196	213	205	249	24	0	0	0	0	0	0	91	222	204	224	205	203	204	200	197	202	202	196	196	202	206	204	199	191	212	203	216	63	0	0	0	0	0	0	148	218	202	222	193	201	200	200	200	201	202	201	200	202	204	202	197	190	214	204	231	159	0	0	0	0	0	0	193	231	229	248	207	204	207	205	206	206	205	205	204	203	201	203	200	208	228	206	205	74	0	0	0	0	0	0	0	37	73	90	221	210	203	205	204	205	203	202	202	202	200	200	198	225	57	0	0	0	0	0	0	0	0	0	0	0	0	0	237	206	202	205	205	205	204	203	203	202	201	200	200	232	0	0	0	0	0	0	0	0	0	0	1	4	0	7	246	206	207	205	205	205	204	203	203	202	201	199	200	229	0	0	2	0	0	0	0	0	0	0	0	2	0	11	210	206	203	205	205	205	204	203	203	202	201	200	201	193	0	0	2	0	0	0	0	0	0	0	0	5	0	19	211	205	204	205	205	205	204	203	203	201	201	200	201	192	0	0	2	0	0	0	0	0	0	0	0	3	0	32	212	203	204	205	205	205	204	203	203	201	201	200	202	189	0	0	3	0	0	0	0	0	0	0	0	3	0	44	215	203	205	205	205	205	204	203	203	201	200	200	201	190	0	0	2	0	0	0	0	0	0	0	0	4	0	53	217	204	205	205	205	205	204	203	203	202	201	201	200	194	0	0	2	0	0	0	0	0	0	0	0	4	0	59	219	202	204	205	205	205	204	203	203	202	201	201	200	194	0	0	3	0	0	0	0	0	0	0	0	4	0	76	223	202	204	205	205	205	204	203	202	202	201	201	200	193	0	0	3	0	0	0	0	0	0	0	0	3	0	90	224	203	206	205	205	205	204	203	203	202	201	200	199	193	0	0	2	0	0	0	0	0	0	0	0	3	0	114	222	203	205	206	205	205	204	204	203	203	200	198	199	192	0	0	2	0	0	0	0	0	0	0	0	2	0	92	219	203	208	207	206	206	204	204	203	203	202	200	202	191	0	0	2	0	0	0	0	0	0	0	0	6	0	114	221	202	203	199	198	198	199	199	197	197	198	199	204	198	0	0	2	0	0	0	0	0	0	0	0	4	0	165	217	216	219	246	242	235	232	238	243	243	248	214	209	234	0	0	1	0	0	0	0	0	0	0	0	1	0	0	0	39	80	101	113	130	132	127	116	104	88	53	2	0	0	0	0	0	0	0	0
0	0	0	0	0	0	0	0	0	0	0	0	0	0	0	0	0	0	0	0	0	0	0	0	0	0	0	0	0	0	0	0	0	0	0	0	0	0	0	0	0	0	0	0	0	0	0	0	0	0	0	0	0	0	0	0	0	0	0	0	0	0	0	0	0	0	0	0	0	0	0	0	0	0	0	0	0	0	0	0	0	0	0	0	0	0	0	0	0	0	0	0	0	0	0	0	0	0	0	0	0	0	0	0	0	0	0	0	0	0	0	0	0	0	0	0	0	0	0	0	0	0	0	0	0	0	0	0	0	0	0	0	0	0	0	0	0	0	0	0	0	0	0	0	0	0	0	0	0	0	0	0	0	0	0	0	0	0	0	0	0	0	0	0	0	0	0	0	0	0	0	0	0	0	0	0	0	0	0	0	0	0	0	0	0	0	0	0	0	0	0	0	0	0	0	0	0	0	0	0	0	0	0	0	0	0	0	0	0	0	0	0	0	0	0	0	0	0	0	0	0	0	0	0	0	0	0	0	0	0	0	0	0	0	0	0	0	0	0	0	0	0	0	0	0	0	0	0	0	0	0	0	0	0	0	0	0	0	0	0	0	1	0	3	0	0	84	124	3	0	0	0	0	0	1	1	7	0	0	0	0	0	0	0	0	0	0	0	0	2	6	0	0	91	210	188	203	169	125	54	0	0	0	0	0	7	35	0	0	0	0	0	0	0	0	4	4	0	0	6	217	195	0	0	59	150	197	201	154	138	8	0	132	193	226	17	1	0	0	0	1	6	4	0	0	1	147	187	118	151	17	0	0	0	29	121	170	176	169	199	192	81	159	83	0	0	1	0	0	0	0	31	153	120	34	145	141	120	181	0	0	0	0	0	87	112	154	148	105	80	164	126	2	4	6	0	0	197	195	136	244	28	0	23	205	126	161	72	0	5	7	0	0	112	226	167	154	77	150	159	0	0	0	0	0	182	221	97	144	55	0	0	93	179	96	118	0	0	0	0	32	225	139	137	95	64	159	185	5	139	126	101	62	185	212	111	115	69	0	0	2	137	105	119	54	73	95	93	189	189	175	182	159	95	246	149	34	183	203	203	206	171	147	219	99	154	220	187	172	128	131	185	156	180	164	164	173	195	194	199	207	176	254	20	0	1	65	132	181	213	195	226	173	147	208	199	215	201	195	208	184	185	174	181	177	168	172	167	161	198	110	0	3	0	0	0	0	9	65	75	104	118	103	81	92	97	88	69	54	52	45	33	23	73	125	106	104	92	4	0	0	0	0	0	0	0	0	0	0	0	0	0	0	0	0	0	0	0	0	0	0	0	0	0	0	0	0	0	0	0	0	0	0	0	0	0	0	0	0	0	0	0	0	0	0	0	0	0	0	0	0	0	0	0	0	0	0	0	0	0	0	0	0	0	0	0	0	0	0	0	0	0	0	0	0	0	0	0	0	0	0	0	0	0	0	0	0	0	0	0	0	0	0	0	0	0	0	0	0	0	0	0	0	0	0	0	0	0	0	0	0	0	0	0	0	0	0	0	0	0	0	0	0	0	0	0	0	0	0	0	0	0	0	0	0	0	0	0	0	0	0	0	0	0	0	0	0	0	0	0	0	0	0	0	0	0	0	0	0	0	0	0	0	0	0	0	0	0	0	0	0	0	0	0	0	0	0	0	0	0	0	0	0	0	0	0	0	0	0	0	0	0	0	0	0	0	0	0	0	0	0	0	0	0	0	0	0	0	0	0	0	0	0	0	0	0	0	0	0	0	0	0	0	0
0	0	0	0	0	0	0	0	0	0	0	0	57	49	55	64	0	0	0	0	0	0	0	0	0	0	0	0	0	0	0	0	0	0	0	2	4	0	0	188	255	247	250	255	65	0	5	2	0	0	0	0	0	0	0	0	0	0	0	0	0	0	1	0	0	0	3	224	239	237	239	252	200	0	0	0	0	0	0	0	0	0	0	0	0	0	0	0	0	0	0	0	61	175	255	234	228	245	244	237	235	229	141	14	0	0	0	0	0	0	0	0	0	0	0	0	0	0	0	178	251	238	234	232	207	209	215	226	234	232	241	231	43	0	1	0	0	0	0	0	0	0	0	0	0	0	27	240	224	223	228	243	234	196	198	233	237	225	217	240	175	0	0	0	0	0	0	0	0	0	0	0	0	0	125	246	225	233	229	239	243	212	225	241	232	224	223	225	222	0	0	0	0	0	0	0	0	0	0	0	0	0	192	244	230	238	232	225	241	232	235	229	224	223	224	227	239	50	0	0	0	0	0	0	0	0	0	0	0	0	229	240	232	232	236	232	227	246	232	229	229	229	227	224	243	103	0	0	0	0	0	0	0	0	0	0	0	0	253	234	233	231	230	232	232	235	231	231	227	225	226	228	241	155	0	0	0	0	0	0	0	0	0	0	0	0	255	231	237	232	230	228	237	205	207	231	227	223	230	233	239	193	0	0	0	0	0	0	0	0	0	0	0	1	233	230	246	238	229	231	232	234	229	227	227	225	233	237	237	215	0	0	0	0	0	0	0	0	0	0	0	19	237	236	172	224	236	230	232	233	229	227	225	226	217	220	239	239	0	0	0	0	0	0	0	0	0	0	0	46	238	239	118	232	238	229	235	224	221	231	223	231	208	162	241	212	0	0	0	0	0	0	0	0	0	0	0	67	239	255	87	240	237	229	237	213	210	231	224	235	214	111	245	220	0	0	0	0	0	0	0	0	0	0	0	86	241	250	46	255	232	229	232	236	231	227	224	237	223	77	239	226	4	0	0	0	0	0	0	0	0	0	0	102	247	242	0	255	232	229	234	235	229	229	226	234	229	30	232	232	26	0	0	0	0	0	0	0	0	0	0	109	252	226	0	255	231	230	238	223	222	231	225	233	240	0	255	237	54	0	0	0	0	0	0	0	0	0	0	116	253	195	0	255	231	229	239	223	224	232	226	234	246	0	240	239	74	0	0	0	0	0	0	0	0	0	0	153	255	167	0	255	232	230	239	235	233	231	228	232	254	0	206	241	93	0	0	0	0	0	0	0	0	0	0	168	255	161	0	255	232	232	241	233	231	232	229	233	255	0	186	254	141	0	0	0	0	0	0	0	0	0	0	145	234	124	0	255	234	233	242	235	232	233	229	232	255	0	140	230	135	0	0	0	0	0	0	0	0	0	0	0	0	0	0	255	235	234	241	235	233	233	232	232	255	0	0	0	0	0	0	0	0	0	0	0	0	0	0	0	0	0	0	241	235	234	242	236	234	234	232	233	255	0	0	0	0	0	0	0	0	0	0	0	0	0	0	1	4	0	7	242	237	237	243	237	235	236	234	234	228	0	0	4	1	0	0	0	0	0	0	0	0	0	0	0	4	0	4	237	234	235	235	230	231	229	232	232	235	6	0	4	0	0	0	0	0	0	0	0	0	0	0	0	2	0	0	212	255	250	255	255	255	255	247	250	220	0	0	3	0	0	0	0	0	0	0	0	0	0	0	0	0	0	0	13	121	135	132	166	160	160	140	91	3	0	0	0	0	0	0	0	0	0
0	0	0	0	0	1	0	0	0	0	5	0	0	0	0	0	0	0	5	0	0	0	0	0	0	0	0	0	0	0	0	0	0	2	0	0	1	0	0	44	135	77	74	95	115	0	0	0	3	1	0	0	0	0	0	0	0	0	0	0	0	0	1	0	0	0	46	202	249	240	244	231	242	167	47	0	0	0	0	0	0	0	0	0	0	0	0	0	0	0	0	0	24	189	228	207	217	51	0	181	212	208	232	178	24	0	0	0	0	0	0	0	0	0	0	0	0	0	9	186	227	231	215	175	245	200	185	241	194	165	221	227	228	160	0	0	0	0	0	0	0	0	0	0	0	58	253	231	211	214	237	137	206	251	236	251	172	189	228	212	213	233	213	2	0	0	0	0	0	0	0	0	129	234	219	212	219	219	217	220	222	235	238	222	219	222	216	222	215	212	224	250	41	0	0	0	0	0	0	189	237	220	217	221	217	217	214	217	223	197	187	220	218	229	225	219	216	215	215	226	219	52	0	0	0	0	221	236	213	220	221	220	215	220	217	214	225	195	182	235	199	193	218	223	214	220	212	213	228	246	0	0	0	0	104	233	216	221	218	218	219	217	217	218	217	224	224	242	79	31	151	241	207	214	216	218	218	50	0	0	0	0	0	201	227	211	215	219	217	218	217	217	218	214	215	236	56	13	159	237	212	237	217	229	170	0	0	0	0	0	0	86	245	229	247	228	217	217	217	218	217	219	219	224	157	148	209	229	228	213	242	255	64	0	0	0	0	0	0	0	175	85	99	249	213	218	220	218	215	220	217	217	237	244	231	214	250	46	0	68	5	0	0	0	0	0	0	0	0	0	24	252	212	219	220	218	215	217	219	213	209	210	218	217	250	52	0	0	0	0	0	0	0	0	0	2	9	0	67	252	215	219	220	217	217	219	220	215	216	219	221	218	249	60	0	6	1	0	0	0	0	0	2	0	4	0	76	238	212	221	221	216	219	220	220	215	215	221	218	218	231	58	0	4	0	0	0	0	0	0	0	0	4	0	87	235	213	223	219	217	219	219	219	217	216	219	219	218	231	65	0	4	0	0	0	0	0	0	0	0	4	0	93	234	215	223	218	218	219	218	218	217	217	217	219	219	234	72	0	4	0	0	0	0	0	0	0	0	3	0	106	236	216	220	218	218	221	219	218	217	217	215	218	218	237	89	0	4	0	0	0	0	0	0	0	0	2	0	115	238	217	218	216	218	221	219	218	217	218	216	218	215	236	105	0	3	0	0	0	0	0	0	0	0	1	0	132	238	215	218	220	217	222	219	219	219	217	216	220	217	236	110	0	3	0	0	0	0	0	0	0	0	0	0	139	238	215	220	218	220	223	219	220	220	218	215	219	218	236	120	0	2	0	0	0	0	0	0	0	0	1	0	138	239	216	221	215	225	221	220	223	221	217	217	219	217	237	140	0	0	0	0	0	0	0	0	0	0	1	0	138	239	216	219	219	228	221	226	226	223	219	218	220	217	237	152	0	0	1	0	0	0	0	0	0	0	0	0	136	235	213	215	219	214	212	218	221	215	210	211	215	213	236	149	0	0	0	0	0	0	0	0	0	0	0	0	164	248	224	231	235	234	235	235	236	234	232	233	234	229	249	158	0	0	0	0	0	0	0	0	0	0	4	0	73	192	180	196	171	163	171	157	161	172	179	176	171	155	180	111	0	2	0	0	0	0	0	0	1	0	0	0	0	0	0	0	0	0	0	0	0	0	0	0	0	0	0	0	0	0	0	0	0	0
0	0	0	0	0	0	0	0	45	114	0	0	0	1	0	0	0	0	135	51	0	3	0	0	0	0	0	0	0	0	0	0	0	0	0	0	140	200	103	0	0	0	0	0	0	124	204	64	0	4	0	0	0	0	0	0	0	0	0	0	0	0	0	0	41	180	193	190	130	121	135	187	201	195	175	25	0	3	0	0	0	0	0	0	0	0	0	0	0	0	0	0	14	183	167	172	177	185	183	193	172	163	169	41	0	1	0	0	0	0	0	0	0	0	0	0	0	0	0	0	29	161	153	154	143	138	135	142	151	151	146	74	0	0	0	0	0	0	0	0	0	0	0	0	0	0	0	0	67	156	151	146	159	148	142	159	148	146	142	137	0	0	0	0	0	0	0	0	0	0	0	0	0	0	0	0	124	156	148	146	145	151	158	111	142	143	140	154	0	0	1	0	0	0	0	0	0	0	0	0	0	0	0	0	96	158	138	148	129	169	129	100	150	142	142	125	0	0	0	0	0	0	0	0	0	0	0	0	0	0	0	0	64	154	135	146	130	154	140	129	138	135	146	100	0	0	0	0	0	0	0	0	0	0	0	0	0	0	0	0	19	175	142	137	133	137	142	119	130	130	167	56	0	4	0	0	0	0	0	0	0	0	0	0	0	0	3	0	9	172	130	138	140	135	135	98	143	127	169	41	0	4	0	0	0	0	0	0	0	0	0	0	0	0	0	0	0	182	142	135	137	135	135	116	137	125	163	33	0	3	0	0	0	0	0	0	0	0	0	0	0	0	0	0	0	153	159	145	146	138	153	145	142	145	175	30	0	1	0	0	0	0	0	0	0	0	0	0	0	0	1	0	0	177	146	142	138	145	133	129	137	130	148	98	0	0	0	0	0	0	0	0	0	0	0	0	0	0	1	0	38	187	124	164	125	156	130	124	132	138	130	158	0	0	1	0	0	0	0	0	0	0	0	0	0	0	0	0	93	166	119	174	117	142	135	129	145	145	122	164	19	0	3	0	0	0	0	0	0	0	0	0	0	0	0	0	142	142	124	182	125	138	137	121	150	142	116	167	67	0	1	0	0	0	0	0	0	0	0	0	0	0	0	9	174	132	143	185	109	135	138	114	151	142	116	159	116	0	0	0	0	0	0	0	0	0	0	0	0	0	0	56	177	130	145	185	117	137	137	108	150	154	116	143	146	0	0	0	0	0	0	0	0	0	0	0	0	0	0	100	171	121	146	192	109	142	129	114	167	151	114	138	163	24	0	0	0	0	0	0	0	0	0	0	0	0	0	127	154	119	154	196	108	140	130	116	180	156	116	130	148	67	0	0	0	0	0	0	0	0	0	0	0	0	0	159	150	119	163	198	116	132	119	111	188	164	121	135	153	98	0	0	0	0	0	0	0	0	0	0	0	0	11	169	142	124	167	200	116	138	124	117	192	154	122	129	154	129	0	0	0	0	0	0	0	0	0	0	0	0	35	171	140	122	183	200	116	130	130	114	204	163	129	132	156	172	0	0	0	0	0	0	0	0	0	0	0	0	64	174	137	111	195	200	125	130	127	114	209	166	124	130	150	174	14	0	0	0	0	0	0	0	0	0	0	0	66	171	127	114	190	188	124	140	112	116	204	164	129	124	154	148	51	0	0	0	0	0	0	0	0	0	0	0	117	203	167	146	255	206	124	163	138	135	221	192	143	159	204	214	104	0	0	0	0	0	0	0	0	0	0	0	38	88	88	64	132	169	146	153	109	80	151	187	156	77	37	75	27	0	0	0	0	0
0	0	0	0	0	0	0	0	0	2	0	0	156	68	57	169	0	0	1	0	0	0	0	0	0	0	0	0	0	0	0	0	0	0	0	0	0	4	0	21	227	220	216	229	48	0	3	0	0	0	0	0	0	0	0	0	0	0	0	0	0	0	0	0	0	3	0	40	217	206	203	219	91	0	3	0	0	0	0	0	0	0	0	0	0	0	0	0	0	0	0	0	0	3	0	45	224	204	204	223	103	0	3	0	0	0	0	0	0	0	0	0	0	0	0	0	0	0	0	0	0	3	0	25	231	215	213	235	85	0	3	0	0	0	0	0	0	0	0	0	0	0	0	0	0	0	0	0	0	2	0	9	231	223	217	238	64	0	4	0	0	0	0	0	0	0	0	0	0	0	0	0	0	0	0	0	0	0	0	0	210	225	215	232	14	0	3	0	0	0	0	0	0	0	0	0	0	0	0	0	0	0	0	0	0	1	0	7	221	221	216	229	76	0	2	0	0	0	0	0	0	0	0	0	0	0	0	0	0	0	0	0	0	3	0	121	240	220	221	219	201	0	0	0	0	0	0	0	0	0	0	0	0	0	0	0	0	0	0	0	0	0	0	188	238	222	223	213	209	0	0	0	0	0	0	0	0	0	0	0	0	0	0	0	0	0	0	0	0	0	0	232	233	224	223	208	227	21	0	0	0	0	0	0	0	0	0	0	0	0	0	0	0	0	0	0	0	0	0	219	227	226	228	202	237	58	0	0	0	0	0	0	0	0	0	0	0	0	0	0	0	0	0	0	0	0	29	237	225	227	222	203	244	85	0	0	0	0	0	0	0	0	0	0	0	0	0	0	0	0	0	0	0	0	61	241	222	224	229	219	245	123	0	0	0	0	0	0	0	0	0	0	0	0	0	0	0	0	0	0	0	0	95	241	222	223	228	223	242	166	0	0	0	0	0	0	0	0	0	0	0	0	0	0	0	0	0	0	0	0	125	242	222	224	227	222	242	193	0	0	0	0	0	0	0	0	0	0	0	0	0	0	0	0	0	0	0	0	161	240	224	222	228	223	238	221	0	0	0	0	0	0	0	0	0	0	0	0	0	0	0	0	0	0	0	0	184	240	225	219	227	223	233	245	0	0	0	0	0	0	0	0	0	0	0	0	0	0	0	0	0	0	0	0	202	239	224	220	226	224	232	255	0	0	0	0	0	0	0	0	0	0	0	0	0	0	0	0	0	0	0	0	217	235	227	221	226	225	229	255	0	0	0	0	0	0	0	0	0	0	0	0	0	0	0	0	0	0	0	0	235	231	227	218	226	225	224	255	21	0	0	0	0	0	0	0	0	0	0	0	0	0	0	0	0	0	0	0	253	228	226	218	224	225	224	255	52	0	0	0	0	0	0	0	0	0	0	0	0	0	0	0	0	0	0	2	255	223	227	216	222	226	223	255	94	0	0	0	0	0	0	0	0	0	0	0	0	0	0	0	0	0	0	44	255	222	229	217	223	226	223	255	106	0	0	0	0	0	0	0	0	0	0	0	0	0	0	0	0	0	0	83	237	221	222	215	221	220	222	238	124	0	0	0	0	0	0	0	0	0	0	0	0	0	0	0	0	0	0	147	242	224	218	204	212	225	225	249	170	0	0	0	0	0	0	0	0	0	0	0	0	0	0	0	0	0	0	95	248	183	216	249	244	188	172	185	98	0	0	0	0	0	0	0	0	0	0	0	0	0	0	0	0	0	0	0	0	0	0	57	8	0	0	0	0	0	0	0	0	0	0	0	0	0
0	0	0	0	0	0	0	0	0	0	0	0	0	0	0	0	0	0	0	0	0	0	0	0	0	0	0	0	0	0	0	0	0	0	0	0	0	0	0	0	0	0	0	0	0	0	0	0	0	0	0	0	0	0	0	0	0	0	0	0	0	0	0	0	0	0	0	0	0	0	0	0	0	0	0	0	0	0	0	0	0	0	0	0	0	0	0	0	0	0	0	0	0	0	0	0	0	0	0	0	0	0	0	0	0	0	0	0	0	0	0	0	0	0	0	0	0	0	0	0	0	0	0	0	0	0	0	0	0	0	0	0	0	0	0	0	0	0	0	0	0	0	0	0	0	0	0	0	0	0	0	0	0	0	0	0	0	0	0	0	0	0	0	0	0	0	0	0	0	0	0	0	0	0	0	0	0	0	0	0	0	0	0	0	0	0	0	0	0	0	0	0	0	0	0	0	0	0	0	0	0	0	0	0	0	0	0	0	0	0	0	0	0	0	0	0	0	0	0	0	0	0	0	0	0	0	0	0	0	0	0	0	0	1	2	0	1	2	0	0	21	0	0	0	0	0	0	0	0	0	0	0	0	0	0	0	0	0	0	0	0	5	1	2	0	0	3	44	74	114	178	39	0	5	0	35	16	20	2	0	0	0	0	0	0	0	0	0	1	1	0	0	0	27	141	192	139	136	169	78	0	0	1	76	10	113	42	0	0	0	0	0	0	1	1	0	0	0	0	19	59	156	214	85	33	165	170	133	42	27	46	0	0	0	49	0	1	3	0	0	0	0	0	0	0	13	87	144	179	200	96	35	214	200	202	215	211	215	213	159	138	131	141	0	0	0	0	0	0	0	25	74	117	140	146	170	200	177	16	57	250	199	186	189	201	187	136	136	128	132	113	0	0	32	92	136	156	142	159	174	185	167	114	157	182	188	201	41	40	220	198	210	186	87	109	111	123	133	114	0	85	129	122	117	120	123	120	116	138	177	194	134	120	149	187	255	100	28	194	208	146	123	149	145	128	111	96	3	105	121	122	141	125	123	120	119	99	114	125	113	130	122	134	173	227	146	106	230	158	102	86	52	45	36	57	18	15	97	74	88	123	145	168	167	189	179	167	174	182	169	157	130	154	169	43	126	62	44	62	79	79	76	43	0	0	11	68	88	54	39	25	43	45	39	26	0	0	0	0	0	0	0	0	0	0	0	0	0	0	0	37	100	0	0	0	9	61	101	102	104	87	92	101	109	102	84	142	138	155	155	157	148	157	157	149	137	153	136	102	18	0	0	0	0	0	0	0	0	0	0	0	0	0	0	0	0	0	0	0	0	0	0	0	0	0	0	0	0	0	0	0	0	0	0	0	0	0	0	0	0	0	0	0	0	0	0	0	0	0	0	0	0	0	0	0	0	0	0	0	0	0	0	0	0	0	0	0	0	0	0	0	0	0	0	0	0	0	0	0	0	0	0	0	0	0	0	0	0	0	0	0	0	0	0	0	0	0	0	0	0	0	0	0	0	0	0	0	0	0	0	0	0	0	0	0	0	0	0	0	0	0	0	0	0	0	0	0	0	0	0	0	0	0	0	0	0	0	0	0	0	0	0	0	0	0	0	0	0	0	0	0	0	0	0	0	0	0	0	0	0	0	0	0	0	0	0	0	0	0	0	0	0	0	0	0	0	0	0	0	0	0	0	0	0	0	0	0	0	0	0	0	0	0	0	0	0	0	0	0	0	0	0	0	0	0	0	0	0	0	0	0	0	0	0	0	0	0	0	0	0	0	0	0	0
0	0	0	0	0	0	0	0	0	0	10	88	78	90	56	64	24	0	0	0	0	3	0	0	0	0	0	0	0	0	0	1	0	0	0	5	15	8	93	133	60	47	81	76	73	126	7	12	0	0	0	0	0	0	0	0	0	0	0	0	0	75	161	101	154	210	23	40	79	29	43	11	121	195	98	77	75	75	0	0	1	0	0	0	0	0	0	0	14	43	78	102	125	143	0	0	165	254	87	26	68	37	63	140	70	124	31	0	0	0	0	0	0	0	2	0	100	25	77	7	31	60	207	114	121	85	82	187	198	1	82	97	0	0	158	0	0	1	0	0	0	0	0	0	157	87	142	24	96	159	159	166	0	116	85	146	130	105	152	159	36	26	182	69	0	2	0	0	0	0	0	0	80	46	252	112	104	238	52	83	83	62	113	54	21	102	113	254	89	115	81	53	0	0	0	0	0	0	0	30	48	9	215	112	7	47	30	118	255	11	165	133	54	18	0	103	38	94	0	83	0	0	0	0	0	0	0	100	144	109	156	57	1	154	66	69	146	184	149	13	179	57	49	93	26	210	31	205	0	0	0	0	0	0	0	60	86	176	228	181	81	255	72	146	126	176	185	80	206	54	136	254	122	245	146	152	0	0	0	0	0	0	0	16	0	160	182	166	64	167	25	20	167	72	97	169	96	0	88	167	107	218	91	49	12	0	0	0	0	0	0	59	38	88	116	143	0	77	16	0	172	122	46	87	70	0	31	14	74	182	94	182	128	0	0	0	0	0	0	112	197	197	175	180	15	155	114	87	218	170	108	245	192	47	150	126	88	254	162	175	157	0	0	0	0	0	0	40	163	221	220	148	100	173	101	48	208	169	58	170	153	29	162	212	21	255	75	42	82	0	0	0	0	0	0	11	130	150	160	95	79	79	26	0	82	95	0	79	54	0	71	123	4	146	11	22	113	0	0	0	0	0	60	123	179	178	130	62	34	77	28	6	145	79	35	131	89	2	25	25	76	206	144	116	254	2	0	0	0	0	82	92	154	220	183	102	137	222	122	59	253	207	93	240	205	74	74	92	84	225	159	69	183	27	0	0	0	0	26	0	126	195	67	121	169	190	101	29	154	155	50	158	125	62	73	232	40	198	108	0	61	7	0	0	0	0	93	0	87	164	98	37	48	77	38	0	62	36	0	66	51	5	18	139	28	115	144	0	130	70	0	0	0	0	187	61	170	210	85	6	10	90	79	2	126	142	76	135	101	5	26	103	2	161	208	102	183	112	0	0	0	0	100	14	155	208	72	112	60	208	202	53	229	190	141	183	197	66	119	193	86	153	196	36	68	39	0	0	0	0	35	0	83	157	31	134	45	152	141	23	148	131	89	122	118	31	94	166	79	45	170	0	9	40	0	0	0	0	153	0	136	164	17	87	0	62	51	0	57	64	58	58	50	0	27	82	37	50	216	88	89	167	0	0	0	0	191	47	186	214	33	111	41	122	103	21	128	149	121	135	146	21	92	163	0	98	253	127	91	132	0	0	0	0	67	9	128	157	20	0	11	89	100	37	152	149	87	127	126	32	38	43	0	27	157	59	1	37	0	0	0	0	73	0	77	97	0	0	0	0	0	0	0	0	0	0	0	0	0	0	0	0	123	63	9	104	0	0	0	0	81	230	177	103	0	2	0	2	2	0	0	3	4	2	3	1	0	2	0	0	184	182	91	148	0	0	0	0	6	148	140	53	0	0	0	0	0	0	0	0	0	0	0	0	0	0	0	0	146	188	51	17	0	0
0	0	0	1	0	0	0	0	0	6	110	184	144	125	85	170	227	123	0	0	0	0	0	1	0	0	0	0	0	0	0	4	0	0	19	78	114	126	88	154	203	255	247	238	187	101	119	124	80	25	0	0	1	0	0	0	0	0	1	0	0	60	139	114	96	88	90	61	85	121	136	107	63	70	88	95	111	137	77	0	0	1	0	0	0	0	3	0	16	119	88	80	87	90	90	91	72	63	60	64	78	95	89	89	87	88	133	45	0	0	0	0	0	0	0	0	82	104	86	86	88	86	87	85	85	91	91	88	89	88	91	90	91	87	91	99	0	0	0	0	0	0	0	4	115	93	93	86	87	88	96	89	95	90	98	92	96	86	91	88	89	89	90	119	30	0	0	0	0	0	0	46	117	91	98	92	87	99	58	38	95	42	43	44	32	60	99	86	90	91	91	105	71	0	0	0	0	0	0	85	105	95	102	95	92	96	34	24	69	29	44	41	38	51	86	88	87	96	106	96	112	0	0	0	0	0	0	105	97	99	99	104	93	98	82	93	89	98	99	96	100	86	91	93	87	112	115	83	123	32	0	0	0	0	48	119	90	96	104	116	85	95	98	97	96	93	92	91	96	96	99	81	83	129	89	82	109	114	0	0	0	0	20	87	130	110	140	174	74	93	92	87	91	91	91	91	95	96	97	50	181	208	93	120	115	58	0	0	0	0	0	0	25	72	128	202	71	97	91	91	92	92	91	92	93	91	98	55	180	162	86	50	0	0	0	0	0	0	1	0	0	0	0	98	83	96	90	92	93	91	92	93	93	97	99	70	140	0	0	0	0	0	0	0	0	0	0	0	1	0	0	65	92	92	88	95	93	90	93	93	93	91	105	81	123	0	0	2	0	0	0	0	0	0	0	0	0	0	0	80	96	89	88	95	93	90	95	93	96	91	104	95	101	0	0	0	0	0	0	0	0	0	0	0	0	0	0	65	93	83	92	92	96	92	92	95	98	92	99	102	96	0	0	0	0	0	0	0	0	0	0	0	0	0	0	62	96	82	95	91	95	93	91	95	98	95	91	111	95	0	0	0	0	0	0	0	0	0	0	0	0	0	0	59	93	85	96	93	93	95	91	95	97	97	86	111	100	0	0	0	0	0	0	0	0	0	0	0	0	0	0	58	92	89	95	93	92	96	91	95	97	99	87	102	108	0	0	0	0	0	0	0	0	0	0	0	0	1	0	42	97	88	92	95	92	92	93	93	98	99	88	93	112	0	0	0	0	0	0	0	0	0	0	0	0	1	0	42	98	89	92	95	92	93	93	93	96	100	90	88	112	0	0	1	0	0	0	0	0	0	0	0	0	1	0	46	99	88	92	95	92	93	93	92	93	99	93	81	108	0	0	1	0	0	0	0	0	0	0	0	0	0	0	51	99	87	92	95	92	93	95	92	92	97	96	79	99	1	0	1	0	0	0	0	0	0	0	0	0	0	0	55	97	91	90	92	95	95	96	92	89	91	96	82	97	8	0	1	0	0	0	0	0	0	0	0	0	0	0	48	98	90	90	92	96	95	95	92	90	90	96	85	95	6	0	1	0	0	0	0	0	0	0	0	0	0	0	43	106	90	88	91	93	93	96	93	93	90	90	80	95	7	0	1	0	0	0	0	0	0	0	0	0	0	0	51	109	88	96	97	100	98	97	97	97	96	93	80	104	15	0	1	0	0	0	0	0	0	0	0	0	1	0	48	99	80	82	81	81	83	86	86	86	87	87	76	89	12	0	1	0	0	0	0
0	0	0	0	0	0	0	1	0	0	0	49	108	0	0	3	103	24	0	0	0	0	0	0	0	0	0	0	0	0	0	0	0	0	0	1	0	93	200	177	192	224	105	215	197	169	168	81	0	0	0	0	0	0	0	0	0	0	0	0	0	0	0	0	9	180	181	176	179	180	181	173	182	178	185	182	0	0	0	0	0	0	0	0	0	0	0	0	0	0	0	0	60	192	175	174	169	170	175	172	170	175	174	193	63	0	0	0	0	0	0	0	0	0	0	0	0	0	0	0	102	197	177	171	168	168	169	170	170	174	176	195	107	0	0	0	0	0	0	0	0	0	0	0	0	0	0	0	141	198	185	167	175	176	174	174	174	171	183	194	144	0	0	0	0	0	0	0	0	0	0	0	0	0	0	0	165	204	196	177	190	183	180	181	189	179	202	199	166	0	0	0	0	0	0	0	0	0	0	0	0	0	0	0	187	212	126	169	189	177	179	178	186	180	107	205	189	0	0	0	0	0	0	0	0	0	0	0	0	0	0	0	180	207	50	182	195	189	185	187	194	192	28	228	186	18	0	0	0	0	0	0	0	0	0	0	0	0	0	22	196	233	0	185	171	146	174	150	157	186	1	231	201	59	0	0	0	0	0	0	0	0	0	0	0	0	0	51	207	211	0	192	171	165	143	166	179	195	0	197	212	75	0	0	0	0	0	0	0	0	0	0	0	0	0	70	214	168	27	182	154	197	197	188	178	206	5	145	216	87	0	0	0	0	0	0	0	0	0	0	0	0	0	83	220	150	103	190	164	173	153	170	191	204	81	127	224	92	0	0	0	0	0	0	0	0	0	0	0	0	0	85	234	132	170	178	170	212	170	205	201	193	148	90	240	90	0	0	0	0	0	0	0	0	0	0	0	0	0	81	231	91	191	185	181	206	162	205	205	182	171	66	230	76	0	0	0	0	0	0	0	0	0	0	0	0	0	99	235	84	210	189	186	206	149	201	208	186	198	91	240	91	0	0	0	0	0	0	0	0	0	0	0	0	0	112	218	109	213	194	188	228	176	221	198	196	227	124	229	106	0	0	0	0	0	0	0	0	0	0	0	0	0	76	234	169	213	193	199	209	139	215	197	207	244	141	201	92	0	0	0	0	0	0	0	0	0	0	0	0	0	0	0	101	217	192	205	242	172	223	188	220	235	131	0	0	0	0	0	0	0	0	0	0	0	0	0	0	0	0	0	116	214	178	219	236	159	221	179	227	233	178	0	0	0	0	0	0	0	0	0	0	0	0	0	0	0	0	0	152	205	172	222	247	172	223	171	229	233	198	0	0	0	0	0	0	0	0	0	0	0	0	0	0	0	0	0	181	207	175	230	251	182	224	172	233	231	213	0	0	0	0	0	0	0	0	0	0	0	0	0	0	0	0	0	215	201	167	235	252	179	227	176	244	229	195	18	0	0	0	0	0	0	0	0	0	0	0	0	0	0	0	0	203	200	157	238	254	207	226	173	249	232	201	56	0	0	0	0	0	0	0	0	0	0	0	0	0	0	0	0	217	202	159	238	250	206	220	175	237	233	210	83	0	0	0	0	0	0	0	0	0	0	0	0	0	0	0	12	226	197	152	224	248	229	201	174	238	235	208	99	0	0	0	0	0	0	0	0	0	0	0	0	0	0	0	20	243	207	194	255	255	255	243	216	243	253	205	86	0	0	0	0	0	0	0	0	0	0	0	0	0	0	0	0	119	96	105	147	8	80	164	46	0	117	73	0	0	0	0	0	0	0	0
0	0	0	0	0	0	0	0	0	0	9	9	0	0	0	4	0	0	0	0	0	0	0	0	0	0	0	0	0	0	0	0	0	0	0	0	0	2	0	0	34	81	48	0	0	3	0	0	0	0	0	0	0	0	0	0	0	0	0	0	0	0	0	0	1	0	0	139	166	117	151	147	0	0	2	0	0	0	0	0	0	0	0	0	0	0	0	0	0	1	0	0	1	0	144	120	0	0	0	95	152	0	0	1	0	0	0	0	0	0	0	0	0	0	0	0	0	1	0	6	0	75	154	0	1	6	5	0	141	77	0	8	0	0	0	0	0	0	0	0	0	0	0	0	0	0	1	4	0	163	54	0	8	0	5	0	56	140	0	7	0	0	0	0	0	0	0	0	0	0	0	0	1	1	3	0	3	184	0	0	0	0	1	0	1	160	0	0	1	0	0	0	0	0	0	0	0	0	0	0	0	1	6	0	66	159	0	3	0	0	1	0	0	163	0	0	2	0	0	0	0	0	0	0	0	0	0	0	0	0	8	0	97	151	0	7	0	2	0	2	0	159	36	0	4	0	0	0	0	0	0	0	0	0	0	0	0	4	8	0	100	165	0	0	0	0	0	0	0	164	59	0	4	0	0	0	0	0	0	0	0	0	0	0	2	0	0	0	146	196	0	0	3	1	8	0	0	207	115	0	3	7	1	0	0	0	0	0	0	0	0	2	0	66	89	0	110	195	0	0	0	0	0	0	0	219	122	0	0	0	0	0	0	0	0	0	0	4	7	0	17	224	210	161	150	214	106	135	140	152	140	134	98	199	176	105	136	100	0	0	0	0	0	0	0	12	0	0	216	203	147	222	223	216	213	215	205	192	215	208	222	213	224	218	184	198	114	0	9	0	0	0	0	0	0	195	190	206	184	206	217	214	210	198	176	68	115	196	206	220	220	206	190	195	195	0	0	1	0	0	0	0	128	163	193	224	205	218	215	223	229	194	207	168	212	199	202	219	237	211	202	197	237	65	0	1	0	0	0	0	231	75	239	214	219	216	205	247	228	188	200	175	197	194	202	229	249	211	204	209	230	202	0	0	0	0	0	159	69	165	237	210	224	210	197	196	180	185	203	242	207	181	186	199	205	201	216	220	215	230	0	0	0	0	0	194	77	255	219	221	214	202	192	190	192	202	186	173	177	192	187	192	195	203	218	222	213	231	157	0	0	0	0	170	115	215	235	223	207	200	201	207	211	207	206	203	202	206	207	208	201	204	207	215	224	205	239	101	0	0	0	141	41	122	255	216	215	209	206	203	210	217	216	214	219	216	220	214	211	213	209	215	229	221	87	255	35	0	0	78	182	231	228	217	223	217	214	207	208	215	221	221	221	219	220	218	218	221	224	227	224	244	149	196	208	0	0	13	255	229	217	221	225	223	223	219	218	217	218	219	220	221	222	224	228	230	233	232	233	227	223	29	0	0	0	0	254	240	211	219	225	225	226	224	222	222	223	226	227	228	231	231	231	233	234	239	230	232	254	0	0	0	0	0	69	233	212	223	230	231	232	234	232	230	231	233	234	233	233	233	234	235	237	235	232	244	141	0	1	0	0	0	101	224	229	233	237	237	240	241	235	233	229	229	229	229	230	229	229	230	230	231	231	240	12	0	1	0	0	105	255	225	232	249	242	237	234	230	253	255	255	255	255	255	255	255	255	255	233	231	247	189	0	0	0	0	0	0	103	139	168	181	185	197	199	211	198	18	0	7	6	6	4	10	18	22	32	34	49	0	0	0	0	0
0	0	0	0	0	0	0	0	0	0	0	0	0	0	0	0	0	0	0	0	0	0	0	0	0	0	0	0	0	0	0	0	0	0	0	0	0	0	0	0	0	0	0	0	0	0	0	0	0	0	0	0	0	0	0	0	0	0	0	0	0	0	0	0	0	0	0	0	0	0	0	0	0	0	0	0	0	0	0	0	0	0	0	0	0	0	0	0	0	0	0	0	0	0	0	0	0	0	0	0	0	0	0	0	0	0	0	0	0	0	0	0	0	0	0	0	0	0	0	0	0	0	0	0	0	0	0	0	0	0	0	149	14	0	0	0	0	0	0	0	0	0	0	0	0	0	0	0	0	0	0	0	0	0	0	0	0	0	104	224	188	0	0	3	3	0	0	0	0	0	0	0	0	0	0	0	0	0	0	0	0	0	0	0	0	28	205	200	241	75	0	0	0	5	5	2	0	0	0	0	0	0	0	0	0	0	0	0	0	1	6	0	91	226	212	224	225	203	115	129	2	0	0	0	0	0	0	0	0	0	0	0	0	0	0	0	0	6	3	0	188	161	204	228	233	234	241	240	196	161	68	8	0	0	0	0	0	0	0	0	0	0	0	0	0	2	0	6	156	174	214	197	213	239	232	214	208	216	209	66	0	0	0	0	0	0	0	0	0	0	0	0	0	0	0	188	205	235	220	233	194	198	234	226	204	206	164	0	0	0	0	0	0	0	0	0	0	0	0	0	6	0	66	187	165	213	249	242	236	217	226	209	188	211	101	0	0	0	0	0	0	0	0	0	0	0	0	0	0	0	142	190	211	176	230	206	211	250	234	195	196	247	37	0	0	0	0	0	0	0	0	0	0	0	2	0	0	145	219	226	216	231	173	225	252	222	181	184	190	208	0	0	0	0	0	0	0	0	0	0	0	0	0	0	28	188	185	220	243	223	185	191	218	179	181	197	198	239	17	0	0	0	0	0	0	0	0	0	3	0	0	77	160	199	202	188	243	244	243	205	200	217	221	227	219	215	31	0	1	2	5	7	8	9	2	0	0	0	31	196	218	225	222	216	179	235	221	222	206	153	199	235	222	222	74	0	2	0	0	0	0	0	0	0	6	102	154	187	198	235	235	225	147	176	237	214	49	63	178	229	220	212	136	0	0	0	68	148	124	109	95	139	241	239	210	213	218	184	189	232	253	165	137	233	217	226	220	235	223	207	165	0	0	124	201	202	190	195	202	207	186	174	208	223	222	217	199	215	248	255	237	248	255	255	254	255	216	205	164	0	28	217	207	173	167	182	197	183	162	169	173	216	240	232	233	220	198	181	170	171	170	185	188	194	197	200	106	0	92	212	219	226	218	208	205	198	193	193	203	212	234	218	199	190	206	207	212	214	208	207	204	204	198	203	56	0	10	175	204	211	212	215	214	226	232	224	240	233	214	216	219	222	254	236	211	205	211	204	208	213	198	203	82	0	0	0	47	140	194	223	212	202	205	210	205	209	236	233	213	164	100	39	223	224	213	219	218	223	205	211	78	0	0	0	0	0	0	35	83	132	157	166	167	149	88	29	0	0	0	0	152	157	147	153	156	159	151	124	4	0	0	0	0	0	0	0	0	0	0	0	0	0	0	0	0	0	0	0	0	0	0	0	0	0	0	0	0	0	0	0	0	0	0	0	0	0	0	0	0	0	0	0	0	0	0	0	0	0	0	0	0	0	0	0	0	0	0	0	0	0	0	0	0	0	0	0	0	0	0	0	0	0	0	0	0	0	0	0	0	0	0	0	0	0
0	0	0	0	0	0	1	2	0	0	0	27	0	0	0	0	0	31	0	0	1	3	0	0	0	0	0	0	0	0	0	0	0	1	0	0	0	0	116	198	169	165	153	169	176	186	28	0	0	0	3	0	0	0	0	0	0	0	0	0	2	0	0	80	177	192	202	180	190	202	203	193	181	185	198	180	106	4	0	1	0	0	0	0	0	0	0	0	0	0	144	215	201	190	182	185	180	177	181	179	184	183	182	197	210	197	40	0	0	0	0	0	0	0	0	0	0	68	213	187	187	183	183	182	184	186	188	181	184	209	210	185	183	200	182	0	0	0	0	0	0	0	0	0	0	145	203	187	185	182	180	178	178	181	181	176	184	79	101	193	186	187	203	59	0	0	0	0	0	0	0	0	0	157	207	187	179	183	174	173	174	178	180	175	179	79	52	174	189	187	207	106	0	0	0	0	0	0	0	0	0	176	207	206	177	179	176	175	174	175	178	174	185	195	189	196	173	189	209	133	0	0	0	0	0	0	0	0	0	198	199	230	195	165	182	175	174	174	178	174	174	172	183	178	175	201	208	163	0	0	0	0	0	0	0	0	0	212	194	230	222	169	185	177	174	177	177	176	177	174	179	184	189	221	201	193	0	0	0	0	0	0	0	0	0	220	194	231	196	163	182	176	175	176	176	177	177	176	177	181	190	223	196	210	0	0	0	0	0	0	0	0	0	230	195	233	174	160	184	175	177	176	176	176	176	177	172	176	197	230	195	217	0	0	0	0	0	0	0	0	8	233	198	229	184	162	176	179	177	177	177	177	177	177	173	179	155	221	201	228	0	0	0	0	0	0	0	0	26	236	201	227	169	162	179	186	178	176	178	177	178	179	173	194	122	223	209	233	23	0	0	0	0	0	0	0	55	237	203	230	159	167	185	184	178	176	179	179	179	179	176	203	104	212	215	205	56	0	0	0	0	0	0	0	76	234	204	250	148	169	184	179	178	178	179	179	179	177	177	216	58	203	224	205	83	0	0	0	0	0	0	0	91	232	207	246	137	185	182	183	178	180	180	180	180	180	180	219	37	196	226	205	106	0	0	0	0	0	0	0	95	233	209	222	120	186	173	185	178	181	181	181	180	179	182	223	54	171	231	206	116	0	0	0	0	0	0	0	106	210	215	204	97	197	175	186	179	181	182	182	182	181	179	222	82	133	237	206	114	0	0	0	0	0	0	0	96	209	221	177	90	204	177	183	180	182	182	182	182	183	181	220	60	85	239	206	118	0	0	0	0	0	0	0	90	206	229	108	100	214	178	183	181	183	183	183	182	181	180	217	74	40	239	206	117	0	0	0	0	0	0	0	99	205	233	43	104	223	176	184	181	183	183	183	182	181	181	213	108	1	255	207	115	0	0	0	0	0	0	0	115	207	252	0	117	221	180	185	183	184	184	185	185	186	183	205	150	0	255	210	117	0	0	0	0	0	0	0	117	211	252	0	143	219	186	186	187	189	184	186	188	187	184	201	163	0	252	212	122	0	0	0	0	0	0	0	114	212	249	0	152	194	182	182	179	179	180	179	180	178	174	180	173	0	224	216	132	0	0	0	0	0	0	0	106	213	189	0	227	203	200	203	205	207	208	206	205	207	209	214	253	0	179	219	130	0	0	0	0	0	0	0	156	227	197	0	11	36	40	49	56	66	60	51	48	49	52	49	57	0	175	233	160	0	0	0	0	0	0	0	62	140	123	0	0	0	0	0	0	0	0	0	0	0	0	0	0	0	119	178	101	0	0	0
0	0	0	0	0	0	0	0	0	45	146	78	0	0	6	22	72	162	51	0	0	0	0	0	0	0	0	0	0	0	0	0	0	0	0	61	152	129	138	221	251	225	215	234	215	143	138	136	18	0	1	0	0	0	0	0	0	0	0	0	3	0	26	165	116	113	99	67	108	91	86	97	70	96	108	130	149	0	0	1	0	0	0	0	0	0	0	0	0	0	94	135	114	113	114	118	110	110	113	111	118	118	113	116	140	48	0	4	0	0	0	0	0	0	0	0	0	0	130	140	116	110	111	105	113	114	113	113	111	114	110	119	144	97	0	0	0	0	0	0	0	0	0	0	0	1	140	141	111	110	116	107	108	111	111	110	111	119	111	125	151	133	0	0	0	0	0	0	0	0	0	0	0	26	149	140	116	113	118	119	118	114	114	113	114	121	113	127	157	149	0	0	0	0	0	0	0	0	0	0	0	75	136	141	118	116	114	118	113	113	118	116	116	125	119	130	171	140	34	0	0	0	0	0	0	0	0	0	0	111	133	151	122	113	114	122	116	114	119	119	116	122	116	127	190	138	73	0	0	0	0	0	0	0	0	0	0	127	135	163	130	110	119	127	124	124	118	116	121	116	124	124	212	136	108	0	0	0	0	0	0	0	0	0	0	135	151	160	116	108	122	130	124	125	122	121	125	116	122	136	228	124	138	0	0	0	0	0	0	0	0	0	4	133	165	166	105	107	130	133	127	125	121	118	124	113	118	147	245	119	144	0	0	0	0	0	0	0	0	0	25	121	184	171	102	116	133	149	125	124	121	121	130	113	114	135	242	121	136	17	0	0	0	0	0	0	0	0	40	114	201	179	94	118	138	162	119	127	127	122	132	110	114	124	225	100	133	28	0	0	0	0	0	0	0	0	56	108	210	184	91	122	149	173	111	124	130	130	135	118	114	118	206	116	133	45	0	0	0	0	0	0	0	0	64	103	221	210	80	118	152	187	107	119	129	129	130	116	108	111	196	127	130	53	0	0	0	0	0	0	0	0	64	96	221	255	67	124	162	193	102	122	130	125	132	122	108	116	207	130	132	56	0	0	0	0	0	0	0	0	69	100	214	253	64	125	165	206	97	122	136	130	138	127	102	107	188	138	135	59	0	0	0	0	0	0	0	0	75	103	218	232	67	129	171	225	94	122	144	135	136	133	108	103	177	147	132	58	0	0	0	0	0	0	0	0	80	103	226	209	64	135	171	198	94	121	138	133	132	138	116	86	185	155	135	58	0	0	0	0	0	0	0	0	81	102	225	229	70	140	174	190	124	132	143	140	133	135	122	69	212	166	130	58	0	0	0	0	0	0	0	0	83	105	220	251	99	157	188	168	146	147	173	166	163	160	143	73	210	170	133	64	0	0	0	0	0	0	0	0	85	107	212	190	0	1	7	7	6	4	9	9	7	4	1	0	168	174	129	77	0	0	0	0	0	0	0	0	91	114	203	174	0	0	0	0	0	0	0	0	0	0	0	0	192	181	129	80	0	0	0	0	0	0	0	0	97	119	192	190	0	0	3	3	3	1	3	3	3	1	1	0	154	187	129	91	0	0	0	0	0	0	0	0	94	133	181	190	0	0	0	0	0	0	0	0	0	0	0	0	149	187	130	92	0	0	0	0	0	0	0	0	33	163	182	160	0	0	0	0	0	0	0	0	0	0	0	0	125	203	141	61	0	0	0	0	0	0	0	0	0	121	135	136	0	0	0	0	0	0	0	0	0	0	0	0	75	119	70	17	0	0	0	0
0	0	0	0	0	0	0	0	0	0	0	0	19	159	160	162	124	0	0	0	1	0	0	0	0	0	0	0	0	0	0	0	0	0	0	0	0	0	6	77	105	72	55	54	59	99	52	0	0	0	0	0	0	0	0	0	0	0	0	0	0	0	0	0	20	85	81	87	156	139	170	160	119	155	105	77	55	0	0	0	0	0	0	0	0	0	0	0	0	2	0	19	103	66	63	36	105	131	216	199	109	106	36	60	81	69	0	0	0	0	0	0	0	0	0	0	2	0	0	97	83	60	65	48	56	130	76	58	128	52	47	52	42	80	24	0	0	0	0	0	0	0	0	0	1	0	30	99	72	67	63	59	38	69	138	160	77	30	52	48	55	65	76	0	0	0	0	0	0	0	0	0	1	0	60	91	72	73	59	55	54	37	41	48	38	47	44	47	66	59	85	5	0	0	0	0	0	0	0	0	0	0	94	91	62	63	69	65	63	62	55	58	70	55	45	51	63	78	76	27	0	0	0	0	0	0	0	0	0	0	110	78	69	90	83	77	73	69	72	73	74	73	62	55	67	110	77	47	0	0	0	0	0	0	0	0	0	6	124	76	88	110	91	80	70	72	72	73	74	69	91	73	54	119	73	55	0	0	0	0	0	0	0	0	0	34	115	127	152	108	101	69	77	74	73	73	78	58	95	98	40	152	66	55	0	0	0	0	0	0	0	0	0	51	105	174	218	94	77	67	80	77	76	76	72	74	72	108	116	235	31	60	11	0	0	0	0	0	0	0	0	67	103	185	255	56	72	78	77	77	80	76	69	74	51	123	113	250	31	56	20	0	0	0	0	0	0	0	0	83	110	180	203	49	78	83	77	76	84	78	73	70	55	109	127	238	42	55	31	0	0	0	0	0	0	0	0	97	110	171	212	37	87	80	81	76	85	83	74	74	56	76	108	180	77	51	41	0	0	0	0	0	0	0	2	106	126	163	144	47	90	78	84	76	87	87	72	76	54	54	108	171	97	47	52	0	0	0	0	0	0	0	22	108	152	120	80	70	87	78	85	76	88	90	70	78	66	38	83	213	105	41	56	0	0	0	0	0	0	0	29	105	159	109	81	73	85	80	84	73	91	91	70	78	77	41	51	184	103	42	65	0	0	0	0	0	0	0	41	101	177	109	69	83	83	81	85	76	94	91	77	72	80	48	20	182	112	45	60	0	0	0	0	0	0	0	58	95	171	110	63	84	83	81	88	80	97	91	85	72	77	65	9	236	126	47	60	0	0	0	0	0	0	0	69	84	195	115	51	84	85	83	84	78	101	92	80	87	72	70	6	173	130	49	63	0	0	0	0	0	0	0	76	78	184	148	60	91	88	81	85	81	98	102	72	88	84	60	31	160	131	65	60	0	0	0	0	0	0	0	72	103	167	105	95	101	99	94	92	76	85	105	87	80	88	78	59	164	138	70	54	0	0	0	0	0	0	0	74	115	148	67	95	90	105	109	117	112	117	117	110	103	97	83	49	133	156	69	42	0	0	0	0	0	0	0	72	121	163	47	0	0	0	0	8	16	20	16	16	9	0	0	0	51	156	80	55	0	0	0	0	0	0	0	80	137	167	15	0	0	0	0	0	0	0	0	0	0	0	0	0	44	149	106	73	0	0	0	0	0	0	0	0	15	13	1	4	0	0	1	1	1	2	1	1	1	1	0	1	33	47	18	9	0	0	0	0	0	0	0	0	0	0	0	0	0	0	0	0	0	0	0	0	0	0	0	5	23	0	0	0	0	0	0
0	0	0	0	0	0	0	0	0	0	57	211	167	177	171	172	166	178	150	0	0	0	0	0	0	0	0	0	0	0	0	0	0	0	0	0	0	0	196	249	239	241	244	243	238	242	255	0	0	0	0	0	0	0	0	0	0	0	0	0	0	0	0	0	0	0	255	222	215	209	219	217	212	202	254	71	0	0	0	0	0	0	0	0	0	0	0	0	0	0	0	0	0	16	255	220	222	215	223	220	219	207	251	102	0	0	0	0	0	0	0	0	0	0	0	0	0	0	0	0	0	77	255	216	220	213	221	221	216	206	239	148	0	0	0	0	0	0	0	0	0	0	0	0	0	0	0	0	0	118	255	217	218	212	220	222	216	208	224	181	0	0	0	0	0	0	0	0	0	0	0	0	0	0	0	0	0	161	255	216	216	210	218	222	217	209	222	193	0	0	0	0	0	0	0	0	0	0	0	0	0	0	0	0	0	185	244	212	214	208	224	223	220	210	228	170	0	0	0	0	0	0	0	0	0	0	0	0	0	0	0	0	0	182	239	215	214	224	251	229	220	210	219	104	0	0	0	0	0	0	0	0	0	0	0	0	0	0	0	0	0	212	235	209	219	227	189	245	218	206	244	140	0	0	0	0	0	0	0	0	0	0	0	0	0	0	0	0	0	208	234	208	224	219	62	255	216	204	247	108	0	0	0	0	0	0	0	0	0	0	0	0	0	0	0	0	0	207	235	208	245	188	0	255	225	205	247	97	0	0	0	0	0	0	0	0	0	0	0	0	0	0	0	0	0	181	244	196	255	104	0	255	232	208	253	77	0	0	0	0	0	0	0	0	0	0	0	0	0	0	0	0	0	165	251	198	255	67	0	255	239	211	249	32	0	0	0	0	0	0	0	0	0	0	0	0	0	0	0	0	0	155	255	207	255	18	0	242	244	212	249	8	0	0	0	0	0	0	0	0	0	0	0	0	0	0	0	0	0	127	255	209	255	6	0	205	248	213	242	0	0	0	0	0	0	0	0	0	0	0	0	0	0	0	0	0	0	103	255	212	255	0	0	175	251	215	227	0	0	0	0	0	0	0	0	0	0	0	0	0	0	0	0	0	0	91	255	212	248	0	0	143	252	221	226	0	0	0	0	0	0	0	0	0	0	0	0	0	0	0	0	0	0	73	255	211	253	0	0	132	253	227	212	0	0	0	0	0	0	0	0	0	0	0	0	0	0	0	0	0	0	46	241	211	255	5	0	133	250	231	165	0	0	0	0	0	0	0	0	0	0	0	0	0	0	0	0	0	0	16	238	214	255	9	0	129	242	229	153	0	0	0	0	0	0	0	0	0	0	0	0	0	0	0	0	0	0	0	255	218	255	9	0	120	241	230	133	0	0	0	0	0	0	0	0	0	0	0	0	0	0	0	0	0	0	0	254	221	223	24	0	97	245	236	102	0	0	0	0	0	0	0	0	0	0	0	0	0	0	0	0	0	0	0	236	226	223	35	0	106	240	231	100	0	0	0	0	0	0	0	0	0	0	0	0	0	0	0	0	0	0	0	214	232	228	43	0	97	238	232	92	0	0	0	0	0	0	0	0	0	0	0	0	0	0	0	0	0	0	0	179	234	231	57	0	73	235	227	53	0	0	0	0	0	0	0	0	0	0	0	0	0	0	0	0	0	0	0	140	255	242	59	0	88	251	232	24	0	0	0	0	0	0	0	0	0	0	0	0	0	0	0	0	0	0	0	24	182	161	0	0	14	173	156	0	0	0	0	0	0	0	0	0	0
0	0	0	0	0	0	1	2	1	0	0	68	197	159	182	201	134	0	0	2	1	0	0	1	0	0	0	0	0	0	0	0	1	1	4	0	0	0	33	197	216	196	204	236	195	0	0	0	0	3	0	2	0	0	0	0	0	0	0	1	1	0	0	0	64	145	208	197	207	216	185	169	123	162	115	27	0	0	0	1	0	0	0	0	0	0	0	1	0	0	84	188	173	173	166	181	199	238	179	188	171	177	167	156	159	64	0	0	0	0	0	0	0	0	0	1	0	86	179	164	153	154	156	143	145	147	149	161	150	135	129	133	136	146	74	0	2	0	0	0	0	0	0	0	0	164	161	153	158	156	153	149	141	130	118	115	113	122	126	126	125	126	156	1	0	0	0	0	0	0	0	0	27	178	173	166	153	143	153	155	146	134	131	127	126	133	139	132	131	128	144	60	0	0	0	0	0	0	0	0	72	178	182	198	158	156	145	145	139	143	151	127	126	131	128	129	160	137	150	86	0	0	0	0	0	0	0	0	92	185	183	217	162	149	153	146	139	140	134	140	128	124	118	127	180	168	151	95	0	0	0	0	0	0	0	0	97	185	179	231	222	158	163	154	140	139	135	148	137	129	128	151	207	173	159	105	0	0	0	0	0	0	0	0	128	181	193	201	191	198	168	167	164	142	144	166	145	142	150	149	165	179	157	126	0	0	0	0	0	0	0	0	162	177	194	165	149	218	173	150	163	170	133	157	159	141	159	131	77	177	155	143	0	0	0	0	0	0	0	0	186	176	200	131	128	229	173	171	148	154	147	121	158	144	158	130	31	212	153	165	0	0	0	0	0	0	0	0	192	175	237	92	105	237	182	195	158	153	171	153	130	159	164	122	37	231	158	178	0	0	0	0	0	0	0	16	202	169	253	57	114	216	180	175	161	162	156	171	150	138	179	120	13	224	176	183	0	0	0	0	0	0	0	44	208	170	255	0	126	210	158	177	167	162	160	133	169	150	161	143	0	208	201	159	14	0	0	0	0	0	0	68	209	169	252	0	111	238	189	176	172	167	158	142	137	160	161	142	0	214	210	156	31	0	0	0	0	0	0	83	185	175	227	0	130	211	180	173	175	167	171	139	134	126	148	177	0	190	214	150	42	0	0	0	0	0	0	104	184	188	208	0	169	210	174	179	179	184	182	165	135	143	151	192	0	160	220	155	65	0	0	0	0	0	0	122	184	192	169	0	180	213	181	179	178	173	153	170	169	147	138	188	4	106	225	156	78	0	0	0	0	0	0	124	187	198	126	0	218	191	184	180	187	172	145	144	171	161	143	176	67	67	226	160	81	0	0	0	0	0	0	111	191	202	68	0	243	190	181	182	178	194	175	158	147	159	161	174	127	26	221	165	84	0	0	0	0	0	0	95	192	201	14	6	251	188	190	181	172	191	172	160	158	158	161	172	145	0	213	165	91	0	0	0	0	0	0	59	197	198	0	109	212	190	191	188	177	192	180	170	151	162	168	157	172	6	195	175	73	0	0	0	0	0	0	29	192	178	0	169	213	195	191	185	175	182	184	179	155	167	164	160	205	11	172	165	34	0	0	0	0	0	0	73	214	187	0	9	214	200	188	176	193	186	169	193	160	150	157	212	121	0	194	185	57	0	0	0	0	0	0	0	103	66	0	0	81	247	206	206	224	204	175	208	213	196	205	87	0	0	114	127	8	0	0	0	0	0	0	0	0	0	0	0	0	0	81	111	139	166	160	142	141	74	0	0	0	0	0	0	0	0	0	0
0	0	0	0	0	0	0	0	0	0	0	0	0	0	0	0	0	0	0	0	0	0	0	0	0	0	0	0	0	0	0	0	0	0	0	0	0	0	0	0	0	0	0	0	0	0	0	0	0	0	0	0	0	0	0	0	0	0	0	0	0	0	0	0	0	0	0	0	0	0	0	0	0	0	0	0	0	0	0	0	0	0	0	0	0	0	0	0	0	0	0	0	0	0	0	0	0	0	0	0	0	0	0	0	0	0	0	0	0	0	0	0	0	0	0	0	0	0	0	0	0	0	0	0	0	0	0	0	0	0	0	0	0	0	0	0	0	0	0	0	0	0	0	0	0	0	0	0	0	0	0	0	0	1	0	0	34	74	89	58	53	54	69	60	51	78	30	0	0	0	0	0	0	0	0	0	0	0	0	0	1	2	0	24	172	171	118	238	233	215	255	238	198	222	126	0	0	0	0	0	0	0	0	0	0	0	2	0	0	3	0	20	145	166	93	182	210	201	197	196	186	201	82	0	0	0	0	0	0	0	0	0	0	0	2	0	0	0	0	128	145	136	76	213	225	208	207	208	201	226	144	0	0	0	0	0	0	0	0	0	0	0	1	0	0	0	0	216	165	182	90	127	200	198	191	185	174	173	38	0	0	0	0	0	0	0	0	0	0	0	0	0	0	0	11	156	129	121	127	94	78	77	74	82	71	117	33	0	0	0	0	0	0	0	0	0	0	0	0	0	0	0	165	162	143	116	120	127	119	119	118	119	103	139	54	0	0	0	1	0	1	2	0	1	1	0	0	0	0	195	155	130	111	107	113	115	109	112	116	113	100	129	97	0	0	1	2	0	0	0	0	0	0	1	0	64	179	135	117	129	119	118	118	117	111	111	111	115	104	128	108	0	0	0	0	0	0	0	0	1	1	0	4	197	136	128	145	95	120	118	110	113	112	115	118	120	112	120	119	0	0	1	0	0	0	0	0	0	0	15	157	139	148	97	101	117	117	115	121	120	115	113	113	108	111	106	120	23	0	0	0	0	0	0	0	10	67	164	150	107	112	118	127	119	116	121	112	113	109	109	111	103	118	102	126	38	0	48	145	129	108	115	119	145	163	117	121	135	122	121	117	115	111	110	112	110	110	113	108	103	121	99	133	33	0	150	126	118	125	124	127	111	100	111	116	110	112	117	110	115	116	109	110	118	126	129	127	130	136	112	143	39	72	143	120	118	110	108	102	104	113	116	115	109	112	117	111	110	118	130	133	129	122	111	108	111	106	80	110	72	135	132	112	110	125	129	129	122	116	113	108	112	115	117	127	137	133	127	119	82	73	101	110	111	111	102	125	99	67	164	145	135	125	108	106	104	117	121	124	129	130	132	106	116	130	139	48	182	198	122	146	133	134	119	126	110	0	0	24	86	150	163	166	144	134	128	119	113	117	116	150	119	36	0	0	98	187	124	153	150	151	136	147	112	1	0	0	0	0	0	38	74	82	98	98	104	97	85	54	0	0	0	0	0	0	6	3	7	7	5	3	0	0	0	0	0	0	0	0	0	0	0	0	0	0	0	0	0	0	0	0	0	0	0	0	0	0	0	0	0	0	0	0	0	0	0	0	0	0	0	0	0	0	0	0	0	0	0	0	0	0	0	0	0	0	0	0	0	0	0	0	0	0	0	0	0	0	0	0	0	0	0	0	0	0	0	0	0	0	0	0	0	0	0	0	0	0	0	0	0	0	0	0	0	0	0	0	0	0	0	0	0	0	0	0	0	0	0	0	0	0	0	0	0
0	0	0	0	0	0	0	0	2	98	158	79	52	51	23	32	168	95	36	0	0	0	0	0	0	0	0	0	0	0	0	0	0	0	0	1	93	57	92	118	250	191	150	175	160	22	56	0	0	1	0	0	0	0	0	0	0	0	0	0	0	0	0	32	115	29	28	127	80	166	173	186	82	0	152	147	0	0	0	0	0	0	0	0	0	0	0	0	0	0	0	50	237	24	6	188	192	151	208	122	170	51	194	152	0	1	0	0	0	0	0	0	0	0	0	0	0	0	0	29	117	69	212	231	49	124	188	189	209	24	139	140	28	0	0	0	0	0	0	0	0	0	0	0	0	0	0	112	126	189	174	213	96	203	161	82	14	67	164	207	163	0	0	0	0	0	0	0	0	0	0	0	0	0	0	25	205	113	123	101	64	107	150	35	50	138	192	169	76	0	0	0	0	0	0	0	0	0	0	0	0	0	0	232	203	0	163	106	9	68	6	90	96	94	120	128	37	0	0	0	0	0	0	0	0	0	0	0	0	0	0	209	230	0	67	102	90	255	76	18	255	121	45	170	157	19	0	0	0	0	0	0	0	0	0	0	0	0	7	165	166	0	146	103	85	255	48	76	255	60	0	177	169	0	0	0	0	0	0	0	0	0	0	0	0	0	39	182	118	0	14	220	145	139	73	162	132	86	0	132	134	0	0	0	0	0	0	0	0	0	0	0	0	0	50	118	146	0	171	159	187	191	255	198	70	44	0	171	156	7	0	0	0	0	0	0	0	0	0	0	0	0	137	184	117	18	161	41	235	113	32	82	118	63	11	139	165	39	0	0	0	0	0	0	0	0	0	0	0	0	0	44	16	39	183	50	165	102	129	174	1	79	59	0	27	0	0	0	0	0	0	0	0	0	0	0	0	0	0	0	0	139	116	179	33	194	235	80	50	145	163	0	0	0	0	0	0	0	0	0	0	0	0	0	0	0	1	0	0	187	66	151	47	60	174	25	75	63	154	0	0	0	0	0	0	0	0	0	0	0	0	0	0	0	1	0	4	93	37	0	134	219	144	69	32	76	134	0	0	0	0	0	0	0	0	0	0	0	0	0	0	0	1	0	0	133	171	42	93	175	151	71	5	22	158	0	0	1	0	0	0	0	0	0	0	0	0	0	0	0	0	0	0	182	116	172	86	38	158	156	71	51	72	0	0	1	0	0	0	0	0	0	0	0	0	0	0	0	1	0	0	71	51	156	82	190	179	122	101	161	47	0	0	0	0	0	0	0	0	0	0	0	0	0	0	0	0	0	0	37	71	121	126	174	199	123	175	150	15	0	0	0	0	0	0	0	0	0	0	0	0	0	0	0	0	0	0	35	5	79	161	137	186	170	167	56	45	0	0	0	0	0	0	0	0	0	0	0	0	0	0	0	0	0	0	68	34	94	240	69	86	231	87	57	50	0	2	0	0	0	0	0	0	0	0	0	0	0	0	0	0	0	0	172	103	189	254	186	137	181	114	75	78	0	4	0	0	0	0	0	0	0	0	0	0	0	0	0	0	2	0	133	252	108	163	187	73	93	43	120	102	0	5	0	0	0	0	0	0	0	0	0	0	0	0	0	0	0	0	125	192	0	198	119	10	105	101	60	89	0	4	0	0	0	0	0	0	0	0	0	0	0	0	0	0	0	0	152	165	184	111	129	60	198	240	130	70	0	4	0	0	0	0	0	0	0	0	0	0	0	0	0	0	2	0	34	154	187	116	104	86	143	142	0	0	0	0	0	0	0	0	0	0	0
0	0	0	0	0	0	0	0	0	0	0	22	175	0	0	0	0	0	0	0	0	0	0	0	0	0	0	0	0	0	0	0	0	0	0	0	0	0	0	9	183	113	10	10	0	0	0	0	0	0	0	0	0	0	0	0	0	0	0	0	0	0	0	0	0	0	0	3	165	190	183	196	176	0	0	0	0	0	0	0	0	0	0	0	0	0	0	0	0	0	0	0	0	0	0	12	164	177	175	192	180	0	0	0	0	0	0	0	0	0	0	0	0	0	0	0	0	0	0	0	0	0	0	1	178	173	176	193	189	0	0	0	0	0	0	0	0	0	0	0	0	0	0	0	0	0	0	0	0	0	0	0	163	173	172	193	158	0	0	0	0	0	0	0	0	0	0	0	0	0	0	0	0	0	0	0	0	0	0	0	162	171	162	197	179	0	0	0	0	0	0	0	0	0	0	0	0	0	0	0	0	0	0	0	0	0	0	29	189	159	172	190	216	0	0	0	0	0	0	0	0	0	0	0	0	0	0	0	0	0	0	0	0	0	0	89	192	156	173	179	200	38	0	0	0	0	0	0	0	0	0	0	0	0	0	0	0	0	0	0	0	0	0	132	182	155	172	180	200	94	0	0	0	0	0	0	0	0	0	0	0	0	0	0	0	0	0	0	0	0	0	155	173	163	169	179	199	126	0	0	0	0	0	0	0	0	0	0	0	0	0	0	0	0	0	0	0	0	0	173	168	172	165	183	198	168	0	0	0	0	0	0	0	0	0	0	0	0	0	0	0	0	0	0	0	0	0	184	163	183	165	185	198	183	0	0	0	0	0	0	0	0	0	0	0	0	0	0	0	0	0	0	0	0	0	202	152	190	171	186	199	195	0	0	0	0	0	0	0	0	0	0	0	0	0	0	0	0	0	0	0	0	9	209	148	199	176	185	197	207	0	0	0	0	0	0	0	0	0	0	0	0	0	0	0	0	0	0	0	0	14	218	145	205	184	190	200	211	0	0	0	0	0	0	0	0	0	0	0	0	0	0	0	0	0	0	0	0	18	219	145	210	196	191	202	217	5	0	0	0	0	0	0	0	0	0	0	0	0	0	0	0	0	0	0	0	25	217	149	204	202	192	205	218	14	0	0	0	0	0	0	0	0	0	0	0	0	0	0	0	0	0	0	0	35	218	152	199	205	198	206	223	30	0	0	0	0	0	0	0	0	0	0	0	0	0	0	0	0	0	0	0	43	220	157	199	212	203	206	220	50	0	0	0	0	0	0	0	0	0	0	0	0	0	0	0	0	0	0	0	47	219	162	199	219	203	206	218	75	0	0	0	0	0	0	0	0	0	0	0	0	0	0	0	0	0	0	0	52	219	166	199	220	203	206	218	101	0	0	0	0	0	0	0	0	0	0	0	0	0	0	0	0	0	0	0	68	219	170	198	220	206	206	216	116	0	0	0	0	0	0	0	0	0	0	0	0	0	0	0	0	0	0	0	75	220	173	198	226	204	209	211	136	0	0	0	0	0	0	0	0	0	0	0	0	0	0	0	0	0	0	0	77	220	177	195	227	204	210	211	157	0	0	0	0	0	0	0	0	0	0	0	0	0	0	0	0	0	0	0	94	199	184	210	254	202	210	197	173	0	0	0	0	0	0	0	0	0	0	0	0	0	0	0	0	0	0	0	111	245	237	179	168	251	242	223	229	0	0	0	0	0	0	0	0	0	0	0	0	0	0	0	0	0	0	0	0	39	14	0	0	128	148	160	84	0	0	0	0	0	0	0	0	0
0	3	3	0	0	0	0	52	89	86	152	135	62	36	36	46	99	145	105	105	52	0	0	0	3	0	0	0	0	0	0	0	0	49	119	99	89	82	79	152	208	188	205	211	198	155	66	86	139	119	89	13	0	0	0	0	0	0	0	0	66	129	62	82	79	69	62	36	39	56	66	52	33	33	76	62	59	69	125	82	0	0	0	0	0	0	0	0	105	82	72	86	72	72	72	72	62	66	66	59	69	72	79	82	72	79	62	119	0	0	0	0	0	0	0	6	122	112	72	72	72	66	66	62	59	66	62	59	66	66	69	89	82	86	79	129	29	0	0	0	0	0	0	56	89	145	79	52	82	66	66	66	62	62	59	62	69	72	76	82	79	79	82	119	79	0	0	0	0	0	0	105	82	76	175	39	79	66	76	72	69	69	66	66	76	82	69	76	66	145	142	76	129	0	0	0	0	0	0	135	79	23	182	109	43	62	72	69	66	62	59	62	72	76	76	46	99	225	56	69	145	0	0	0	0	0	0	132	86	49	119	195	36	62	56	52	52	52	46	43	43	36	62	16	205	178	19	69	129	3	0	0	0	0	0	158	79	56	43	158	92	49	49	46	46	52	52	46	43	49	43	66	195	115	69	72	145	33	0	0	0	0	3	162	69	69	46	255	105	59	62	46	49	59	59	56	66	76	56	96	228	92	82	52	149	52	0	0	0	0	36	135	72	52	152	235	115	76	62	56	62	62	59	66	62	66	82	76	178	139	79	43	119	79	0	0	0	0	59	132	69	86	132	72	139	72	59	59	62	62	62	66	56	72	59	115	92	76	112	56	115	132	0	0	0	0	79	119	76	119	26	39	152	66	66	62	62	66	59	66	52	86	66	142	13	59	152	43	82	139	0	0	0	0	99	96	66	135	0	36	145	59	72	62	59	69	59	66	52	79	62	115	39	33	198	105	72	139	0	0	0	0	112	82	46	192	0	59	152	56	76	72	56	69	59	62	56	72	69	102	125	0	202	139	69	125	6	0	0	0	119	79	62	165	0	96	132	49	86	86	52	72	59	56	59	79	69	72	149	0	152	119	56	115	19	0	0	0	139	62	79	142	0	129	125	52	89	86	49	76	66	56	66	76	82	69	145	0	132	135	56	142	49	0	0	6	172	52	89	129	0	168	102	66	92	89	49	82	69	52	69	79	86	79	132	49	99	145	52	139	69	0	0	13	165	52	105	119	0	192	82	72	89	82	46	79	69	46	62	82	86	82	115	69	69	152	52	112	72	0	0	36	152	56	109	79	23	182	56	79	102	66	66	76	89	59	56	82	102	79	129	79	66	145	59	119	105	0	0	43	149	59	125	43	66	145	59	79	119	59	76	82	86	86	72	79	102	89	96	109	72	132	76	112	112	0	0	72	132	46	109	49	122	109	59	79	102	46	79	76	62	92	72	72	89	89	59	109	122	139	76	86	115	0	0	125	132	86	129	112	132	102	59	102	89	52	105	79	59	89	72	92	99	105	66	105	155	155	92	122	139	0	0	29	62	69	46	96	135	86	59	92	92	76	105	82	49	82	89	79	112	92	72	89	158	76	69	79	72	0	0	0	0	0	0	59	152	76	62	86	92	79	89	89	66	66	109	62	105	86	89	62	145	0	0	0	0	0	0	0	0	0	0	135	155	76	82	115	109	102	102	102	89	76	149	109	145	99	115	82	185	105	0	3	0	0	0	0	0	0	0	36	86	49	16	52	49	49	36	46	26	26	59	52	82	39	39	39	82	66	0	0	3	0
0	0	0	0	0	0	0	0	0	141	140	120	124	123	124	129	128	158	121	0	0	0	0	0	0	0	0	0	0	0	0	0	0	0	0	0	0	251	226	243	242	239	236	234	216	227	208	0	0	0	0	0	0	0	0	0	0	0	0	0	0	0	0	0	0	215	186	208	207	200	209	209	207	210	213	0	0	0	0	0	0	0	0	0	0	0	0	0	0	0	0	0	68	248	170	215	207	208	219	204	191	198	239	36	0	0	0	0	0	0	0	0	0	0	0	0	0	0	0	0	92	233	190	200	191	201	208	192	184	193	254	68	0	0	0	0	0	0	0	0	0	0	0	0	0	0	0	0	110	236	192	199	199	199	188	181	237	229	253	100	0	0	0	0	0	0	0	0	0	0	0	0	0	0	0	0	116	229	197	202	203	201	186	151	169	144	214	119	0	0	0	0	0	0	0	0	0	0	0	0	0	0	0	0	128	232	189	206	211	197	173	162	147	130	195	143	0	0	0	0	0	0	0	0	0	0	0	0	0	0	0	0	123	228	199	201	189	175	186	204	176	182	208	140	0	0	0	0	0	0	0	0	0	0	0	0	0	0	0	0	97	221	193	179	166	213	244	220	196	186	220	133	0	0	0	0	0	0	0	0	0	0	0	0	0	0	0	0	85	215	174	170	202	244	240	215	210	190	199	109	0	0	0	0	0	0	0	0	0	0	0	0	0	0	0	0	86	220	169	169	188	200	205	217	233	204	237	103	0	0	0	0	0	0	0	0	0	0	0	0	0	0	0	0	55	226	180	193	196	197	202	216	220	201	247	80	0	0	0	0	0	0	0	0	0	0	0	0	0	0	0	0	28	228	191	197	187	188	204	183	172	166	198	43	0	0	0	0	0	0	0	0	0	0	0	0	0	0	0	0	4	232	192	174	161	179	184	153	130	127	181	21	0	0	0	0	0	0	0	0	0	0	0	0	0	0	0	0	0	224	188	174	152	116	179	168	149	163	199	1	0	0	0	0	0	0	0	0	0	0	0	0	0	0	0	0	0	213	181	127	162	124	178	241	213	213	246	0	0	0	0	0	0	0	0	0	0	0	0	0	0	0	0	0	0	185	197	173	220	163	150	219	190	185	206	1	0	0	0	0	0	0	0	0	0	0	0	0	0	0	0	0	0	154	220	207	238	157	143	248	198	193	229	0	0	0	0	0	0	0	0	0	0	0	0	0	0	0	0	0	0	147	205	195	226	135	122	212	156	162	196	0	0	0	0	0	0	0	0	0	0	0	0	0	0	0	0	0	0	116	206	174	201	133	125	195	117	177	196	0	0	0	0	0	0	0	0	0	0	0	0	0	0	0	0	0	0	69	209	185	209	162	100	244	195	190	174	0	0	0	0	0	0	0	0	0	0	0	0	0	0	0	0	0	0	64	229	208	236	163	70	255	200	205	168	0	0	0	0	0	0	0	0	0	0	0	0	0	0	0	0	0	0	41	204	182	218	143	50	237	169	208	159	0	0	0	0	0	0	0	0	0	0	0	0	0	0	0	0	0	0	15	182	181	211	148	36	255	192	214	103	0	0	0	0	0	0	0	0	0	0	0	0	0	0	0	0	0	0	0	182	185	213	119	0	252	188	203	43	0	0	0	0	0	0	0	0	0	0	0	0	0	0	0	0	0	1	0	169	222	222	98	0	254	215	216	21	0	0	0	0	0	0	0	0	0	0	0	0	0	0	0	0	0	1	0	47	149	138	14	0	93	130	106	0	0	0	0	0	0	0	0	0	0
0	0	0	0	0	0	0	0	0	0	0	0	0	0	0	0	0	0	0	0	0	0	0	0	0	0	0	0	0	0	0	0	0	0	0	0	0	0	0	0	0	0	0	0	0	0	0	0	0	0	0	0	0	0	0	0	0	0	0	0	0	0	0	0	0	0	0	0	0	0	0	0	0	0	0	0	0	0	0	0	0	0	0	0	0	0	0	0	0	0	0	0	0	0	0	0	0	0	0	0	0	0	0	0	0	0	0	0	0	0	0	0	0	0	0	0	0	0	0	0	0	0	0	0	0	0	0	0	0	0	0	0	0	0	0	0	0	0	0	0	0	0	0	0	0	0	0	0	8	4	0	0	0	0	0	0	0	0	0	0	0	8	25	53	3	0	0	0	0	0	0	2	0	0	148	188	203	235	230	224	221	215	195	171	161	162	171	196	201	233	213	215	197	0	0	1	0	0	0	6	0	82	219	207	204	206	205	204	203	209	209	210	213	215	209	209	207	204	208	213	131	0	0	0	0	0	0	1	0	9	180	203	207	206	213	216	217	214	210	209	207	206	207	212	216	212	204	216	58	99	0	0	0	0	0	0	0	59	144	216	214	209	194	187	190	190	187	188	187	183	189	193	197	204	197	241	56	245	0	0	0	0	3	0	7	209	87	233	129	153	135	130	134	141	134	134	138	130	141	148	129	136	147	168	44	255	79	0	0	0	4	0	103	250	52	249	219	231	231	237	241	246	240	241	242	237	243	241	238	246	247	250	21	215	202	0	3	0	0	0	209	176	1	255	206	206	195	187	184	184	177	175	173	170	188	190	180	183	180	252	42	175	208	0	0	0	0	0	207	140	0	233	119	136	141	142	136	138	135	138	142	140	156	156	140	149	153	199	50	127	232	23	24	150	204	164	202	160	180	242	223	229	227	228	230	238	238	233	239	231	223	230	228	229	230	255	68	54	244	59	44	161	117	208	252	188	174	235	199	201	199	198	199	209	205	197	206	204	200	202	199	203	205	255	73	0	239	119	0	0	0	57	219	188	20	252	203	202	205	206	207	209	203	195	203	207	212	209	205	212	200	255	89	0	255	126	4	0	2	0	44	255	139	213	204	207	210	207	207	213	210	204	211	209	212	215	207	208	200	255	98	0	255	55	0	0	0	0	0	168	210	226	210	207	208	217	209	209	215	210	210	210	212	214	210	204	206	232	183	139	130	0	0	0	0	0	0	0	56	151	205	227	210	206	209	202	209	207	203	208	211	217	224	222	220	218	205	148	0	0	0	0	0	0	0	0	0	0	0	126	228	226	227	232	232	224	216	212	206	199	199	203	204	218	216	25	0	1	0	0	0	0	0	1	2	0	0	0	18	45	72	116	155	194	229	253	255	253	245	233	242	216	235	135	0	0	0	0	0	0	0	0	1	0	0	0	0	0	0	0	0	0	0	0	50	86	121	131	143	178	205	74	0	0	0	0	0	0	0	0	0	0	0	0	0	0	0	0	0	0	0	0	0	0	0	0	0	0	0	0	0	0	0	0	0	0	0	0	0	0	0	0	0	0	0	0	0	0	0	0	0	0	0	0	0	0	0	0	0	0	0	0	0	0	0	0	0	0	0	0	0	0	0	0	0	0	0	0	0	0	0	0	0	0	0	0	0	0	0	0	0	0	0	0	0	0	0	0	0	0	0	0	0	0	0	0	0	0	0	0	0	0	0	0	0	0	0	0	0	0	0	0	0	0	0	0	0	0	0	0	0	0	0	0	0	0	0	0	0	0	0	0	0	0
0	0	0	0	0	0	0	0	0	0	0	0	0	0	0	0	0	0	0	2	4	15	36	36	7	0	0	0	0	0	0	0	0	0	0	0	0	0	0	0	1	0	3	79	92	108	105	104	88	123	124	152	14	0	0	0	0	0	0	0	0	0	0	0	0	0	0	0	1	0	1	78	79	77	86	94	84	66	39	115	54	0	0	0	0	0	0	0	0	0	0	0	0	0	0	0	1	0	2	60	55	59	62	59	64	40	10	34	95	8	0	0	0	0	0	0	0	0	0	0	0	0	0	0	1	0	6	70	64	55	20	44	55	73	0	29	35	0	0	0	0	0	0	0	0	0	0	0	0	0	0	0	1	0	1	68	10	0	0	0	25	79	0	0	0	0	0	0	0	0	0	0	0	0	0	0	0	0	0	0	1	0	3	75	110	53	9	78	87	89	0	0	0	0	0	0	0	0	0	0	0	0	0	0	0	0	0	0	1	0	0	56	97	105	103	83	90	60	0	0	0	0	0	0	0	0	0	0	0	0	0	0	0	0	0	1	0	0	91	69	81	86	84	80	94	41	45	0	0	1	0	0	0	0	0	0	0	0	0	0	0	0	0	1	0	1	127	56	88	74	78	94	96	53	161	43	0	4	0	0	0	0	0	0	0	0	0	0	0	0	0	1	0	0	188	58	44	58	55	69	88	33	144	56	0	2	0	0	0	0	0	0	0	0	0	0	0	0	0	1	0	18	222	0	0	0	0	11	0	122	191	29	0	1	0	0	0	0	0	0	0	0	0	0	0	0	0	1	0	105	83	0	2	0	0	0	0	0	201	101	0	1	0	0	0	0	0	0	0	0	0	0	0	0	0	0	0	202	26	0	2	0	1	0	1	0	122	205	0	0	0	0	0	0	0	0	0	0	0	0	0	0	0	0	87	190	11	0	2	0	0	0	0	0	0	194	142	0	0	0	0	0	0	0	0	0	0	0	0	0	0	0	171	216	38	0	4	1	0	0	0	1	0	40	255	9	0	0	0	0	0	0	0	0	0	0	0	1	0	123	206	218	89	0	2	0	0	2	2	0	0	0	152	142	0	0	0	0	0	0	0	0	0	0	0	0	0	235	200	217	132	0	1	0	2	1	0	0	0	0	63	173	0	0	0	0	0	0	0	0	0	0	0	0	108	252	191	206	150	0	0	0	0	0	0	0	27	67	137	103	0	0	0	0	0	0	0	1	1	1	0	0	223	215	204	200	240	8	0	0	0	0	48	84	141	176	245	3	0	0	0	0	0	0	0	0	0	1	0	115	233	168	184	210	255	151	0	0	28	123	123	165	199	216	167	0	0	0	0	0	0	0	2	2	2	0	1	209	177	150	171	216	225	246	2	37	142	119	0	113	201	212	115	0	0	0	0	0	0	0	0	0	0	0	164	209	167	163	211	224	222	224	181	115	86	0	0	77	216	217	94	0	0	0	0	0	0	0	0	34	96	194	200	156	157	180	217	238	226	207	191	59	0	0	0	55	225	224	86	0	0	0	0	0	0	94	191	179	126	70	22	56	158	232	238	239	212	208	183	0	0	4	0	55	238	236	92	0	0	0	0	0	155	234	211	203	187	193	223	231	228	223	231	226	216	236	0	0	2	6	0	61	241	234	111	0	0	0	0	0	66	161	168	227	247	255	255	255	255	255	255	248	219	22	0	1	0	4	0	131	247	239	218	0	0	0	0	0	0	0	0	0	0	12	40	56	70	77	76	61	0	0	0	0	0	0	0	46	123	139	118	0	0	0
0	0	0	0	0	0	0	0	0	0	1	0	0	4	5	1	1	0	0	0	0	0	2	0	0	0	0	0	0	0	0	0	0	0	0	0	0	1	0	0	0	0	0	0	0	0	28	47	47	0	0	0	0	0	0	0	0	0	0	0	0	0	0	0	0	1	0	0	0	65	76	86	75	92	233	198	245	82	118	173	158	167	145	0	0	0	0	0	0	0	0	0	0	0	1	0	0	194	216	217	214	211	187	178	187	198	205	200	194	202	147	0	0	0	0	0	0	0	0	0	0	1	1	2	0	168	222	211	217	208	210	209	208	185	179	187	179	187	161	0	0	0	0	0	0	0	0	0	0	2	0	0	0	164	231	213	209	204	200	195	206	208	192	194	183	196	150	0	0	0	0	0	0	0	0	0	0	0	0	2	0	106	231	215	215	210	202	197	203	208	182	197	182	202	120	0	0	0	0	0	0	0	0	0	0	0	1	3	0	44	225	210	213	200	174	168	190	195	183	186	178	205	100	0	0	0	0	0	0	0	0	0	0	0	0	6	0	20	221	209	213	215	219	208	183	179	181	183	183	205	110	0	0	0	0	0	0	0	0	0	0	0	0	5	0	12	219	211	215	212	206	199	190	185	192	196	188	212	103	0	0	0	0	0	0	0	0	0	0	0	0	4	0	0	211	217	212	210	207	203	201	196	196	193	191	216	74	0	0	0	0	0	0	0	0	0	0	0	0	3	0	0	233	221	211	210	200	188	189	200	193	184	195	219	56	0	0	0	0	0	0	0	0	0	0	0	0	1	0	0	186	224	207	206	200	201	197	196	193	196	192	202	32	0	0	0	0	0	0	0	0	0	0	0	0	1	0	0	208	221	211	210	208	193	184	190	189	195	186	202	24	0	0	0	0	0	0	0	0	0	0	0	0	5	0	72	226	211	208	210	206	187	188	198	203	203	180	223	13	0	0	0	0	0	0	0	0	0	0	0	2	0	0	198	217	213	207	209	205	201	206	206	197	198	191	207	51	0	1	0	0	0	1	0	0	1	3	0	0	0	163	210	214	224	215	202	194	203	212	196	190	206	196	212	108	0	0	0	4	5	2	4	4	0	0	0	27	173	213	190	198	201	221	214	215	196	195	196	210	213	195	197	148	0	0	0	0	0	0	0	0	0	14	100	181	182	150	136	140	142	157	195	217	177	190	205	202	184	191	180	199	0	0	0	43	88	94	93	111	118	150	181	146	175	199	186	169	178	141	115	177	211	211	200	193	188	186	178	227	23	0	145	146	95	111	97	90	76	126	179	130	155	170	181	162	175	205	219	197	201	190	196	210	200	192	183	233	46	4	217	163	60	60	79	128	133	129	183	150	162	164	168	185	186	200	219	208	202	196	210	200	190	186	179	216	62	66	210	224	202	195	144	126	105	85	185	162	155	188	190	205	215	217	218	208	204	193	187	187	182	177	165	185	40	144	210	186	211	217	214	209	149	121	198	199	200	209	215	214	198	183	188	185	178	189	194	185	188	189	181	235	120	0	179	219	208	199	201	207	206	216	206	215	210	198	188	201	204	204	208	219	214	218	214	215	206	203	199	205	132	0	0	50	168	198	215	214	205	201	202	196	190	197	204	212	219	222	221	241	208	203	192	199	197	203	204	211	151	0	0	0	0	0	78	162	201	229	228	243	246	239	236	195	148	101	57	0	63	255	213	236	255	222	221	184	20	0	1	1	0	0	0	0	0	0	27	32	34	34	0	0	0	0	0	0	0	55	42	8	28	0	0	0	0
0	0	0	0	0	0	0	0	0	0	19	129	46	0	0	21	45	92	2	0	0	0	0	0	0	0	0	0	0	0	0	0	0	0	0	1	0	69	146	128	86	66	79	65	67	135	154	45	0	2	0	0	0	0	0	0	0	0	0	0	0	0	0	1	0	97	159	144	126	78	95	54	170	151	158	101	0	2	0	0	0	0	0	0	0	0	0	0	0	0	0	0	0	109	156	138	170	155	130	185	154	141	156	108	0	1	0	0	0	0	0	0	0	0	0	0	0	0	0	0	0	153	150	156	146	96	94	110	160	145	149	141	0	0	0	0	0	0	0	0	0	0	0	0	0	0	0	0	16	157	146	126	86	136	166	116	94	143	149	154	5	0	0	0	0	0	0	0	0	0	0	0	0	0	0	0	103	162	100	104	151	154	146	159	141	97	117	160	87	0	0	0	0	0	0	0	0	0	0	0	0	0	0	0	128	130	120	164	148	145	143	142	149	156	109	134	99	0	0	0	0	0	0	0	0	0	0	0	0	0	0	0	77	138	143	133	131	135	139	136	134	133	142	133	29	0	0	0	0	0	0	0	0	0	0	0	0	0	0	0	84	208	188	223	213	219	219	214	213	214	183	195	20	0	0	0	0	0	0	0	0	0	0	0	0	0	0	0	84	172	115	98	95	87	91	88	95	95	119	164	14	0	0	0	0	0	0	0	0	0	0	0	0	0	0	0	11	112	82	87	85	88	83	84	78	79	84	59	0	0	0	0	0	0	0	0	0	0	0	0	0	0	0	0	5	168	187	230	228	222	206	220	221	206	183	144	0	0	0	0	0	0	0	0	0	0	0	0	0	0	0	0	21	212	220	154	100	182	207	161	96	167	197	189	0	0	0	0	0	0	0	0	0	0	0	0	0	0	0	0	37	160	198	123	36	162	235	131	37	150	185	107	0	0	0	0	0	0	0	0	0	0	0	0	0	0	0	0	13	126	177	144	58	179	230	145	50	179	180	80	0	0	0	0	0	0	0	0	0	0	0	0	0	0	0	0	37	150	192	141	59	173	240	131	48	195	163	138	48	0	0	0	0	0	0	0	0	0	0	0	0	0	0	0	34	166	209	128	62	175	228	130	61	198	183	161	32	0	0	0	0	0	0	0	0	0	0	0	0	0	0	0	120	122	212	132	62	171	243	118	67	208	194	81	109	0	0	0	0	0	0	0	0	0	0	0	0	0	0	0	164	59	202	133	66	183	231	120	70	239	136	61	136	0	0	0	0	0	0	0	0	0	0	0	0	0	0	0	201	113	235	139	64	175	240	107	84	240	133	176	101	0	0	0	0	0	0	0	0	0	0	0	0	0	0	86	129	35	253	130	68	183	232	111	74	254	82	101	177	2	0	0	0	0	0	0	0	0	0	0	0	0	0	87	77	177	240	132	73	188	234	105	86	241	173	0	161	59	0	0	0	0	0	0	0	0	0	0	0	0	0	82	174	158	209	137	85	189	227	107	90	235	209	143	77	143	0	0	0	0	0	0	0	0	0	0	0	0	0	142	185	119	210	147	83	196	230	87	105	238	144	162	136	135	0	0	0	0	0	0	0	0	0	0	0	0	0	3	149	149	214	153	110	201	223	84	118	212	129	139	194	15	0	0	0	0	0	0	0	0	0	0	0	0	0	0	0	101	217	237	164	234	212	155	182	200	192	192	5	0	0	0	0	0	0	0	0	0	0	0	0	0	0	0	0	0	0	57	55	85	172	174	74	46	69	0	0	0	0	0	0	0	0	0
0	0	0	0	0	0	0	0	0	0	6	0	36	152	111	38	0	0	0	0	0	0	0	0	0	0	0	0	0	0	0	0	0	0	0	0	0	4	0	49	186	70	0	85	92	0	0	0	0	0	0	0	0	0	0	0	0	0	0	0	0	0	0	0	0	0	17	184	45	0	0	0	100	72	0	4	0	0	0	0	0	0	0	0	0	0	0	0	0	0	0	0	0	0	160	87	0	12	0	0	0	100	53	0	6	0	0	0	0	0	0	0	0	0	0	0	0	0	0	8	0	90	152	0	8	0	0	2	0	0	113	0	0	0	2	4	0	0	0	0	0	0	0	0	0	0	2	0	15	188	19	0	4	0	0	0	4	0	47	68	0	4	0	0	0	0	0	0	0	0	0	0	0	2	2	0	167	113	0	6	0	0	0	0	0	4	0	113	47	0	6	0	0	0	0	0	0	0	0	0	0	2	0	83	205	0	0	2	2	4	0	0	0	6	0	72	162	0	0	0	0	0	0	0	0	0	0	0	4	0	32	150	12	0	0	0	0	0	0	0	0	0	0	0	130	96	0	2	0	0	0	0	0	0	0	0	0	0	128	51	2	15	0	0	0	0	0	0	0	0	15	0	47	165	10	0	0	0	0	0	0	0	0	0	0	156	132	0	109	190	137	135	141	120	135	147	137	145	182	152	0	45	135	0	0	0	0	0	0	0	0	0	72	167	79	102	167	154	143	135	130	135	143	141	135	139	137	169	162	137	203	152	0	0	0	0	0	0	0	0	83	130	141	158	199	169	141	143	145	145	139	132	132	132	154	190	205	177	177	154	0	0	0	0	0	0	0	0	102	135	128	137	195	162	130	150	154	141	139	145	137	141	175	214	216	169	195	177	0	0	0	0	0	0	0	0	107	124	122	128	197	145	128	143	135	135	132	135	150	169	195	214	214	145	175	192	0	0	0	0	0	0	0	0	102	115	120	132	186	137	135	126	124	132	135	137	156	180	186	190	216	135	199	197	0	0	0	0	0	0	0	0	120	111	113	143	177	120	122	128	135	137	143	152	171	167	171	186	218	158	188	207	0	0	0	0	0	0	0	0	124	113	107	158	186	109	128	130	137	139	150	158	162	156	169	184	240	158	184	203	0	0	0	0	0	0	0	0	128	111	109	162	165	113	128	132	145	145	152	156	162	175	160	165	235	173	192	195	0	0	0	0	0	0	0	0	130	102	120	184	167	113	139	139	145	143	150	154	160	162	154	171	216	190	186	186	0	0	0	0	0	0	0	0	126	115	120	184	139	124	137	137	141	143	152	150	158	162	152	162	214	197	188	165	0	0	0	0	0	0	0	0	111	128	147	173	124	132	132	137	137	141	145	145	147	147	158	177	214	201	195	152	0	0	0	0	0	0	0	0	77	143	167	156	124	143	132	141	145	152	154	154	154	171	175	167	167	199	220	94	0	0	0	0	0	0	0	0	72	177	152	124	132	137	137	139	145	143	143	145	150	154	143	143	160	186	250	77	0	0	0	0	0	0	0	0	105	167	117	117	139	132	132	139	143	147	152	158	160	160	175	184	175	177	255	137	0	0	0	0	0	0	0	0	21	137	124	135	143	139	137	141	147	152	154	154	156	160	162	154	162	186	197	25	0	0	0	0	0	0	0	0	0	83	162	152	150	154	143	141	143	139	141	152	160	171	169	177	188	199	30	0	0	0	0	0	0	0	0	0	0	0	15	100	145	107	107	122	139	158	158	145	139	156	171	180	143	17	0	0	0	0	0	0
0	0	0	0	0	0	0	0	0	0	3	45	47	37	4	60	20	12	31	0	0	0	0	0	0	0	0	0	0	0	0	0	0	0	1	0	0	113	198	168	126	162	135	134	154	151	170	134	0	6	0	0	0	0	0	0	0	0	0	0	0	0	1	0	0	208	168	149	151	178	214	152	140	123	186	105	0	5	0	0	0	0	0	0	0	0	0	0	0	0	0	0	62	63	64	90	164	85	123	126	59	62	47	1	0	0	0	0	0	0	0	0	0	0	0	0	0	0	0	34	40	109	159	93	97	91	76	132	13	85	117	69	31	3	0	0	0	0	0	0	0	0	0	0	0	0	74	31	36	140	176	105	87	154	145	36	83	90	89	41	12	25	0	0	0	0	0	0	0	0	0	0	0	0	101	79	30	62	79	24	0	63	101	0	87	45	53	70	37	76	0	0	0	0	0	0	0	0	0	0	0	0	76	113	14	21	56	23	8	78	109	6	76	91	54	59	58	119	42	0	0	0	0	0	0	0	0	0	0	5	68	139	95	64	57	49	0	85	120	0	34	67	71	71	70	90	41	0	0	0	0	0	0	0	0	0	0	3	20	115	90	90	59	14	0	64	100	0	59	41	81	39	83	94	68	0	0	0	0	0	0	0	0	0	0	23	35	146	28	18	21	29	41	37	51	81	84	40	37	36	118	89	58	0	0	0	0	0	0	0	0	0	0	18	82	161	86	12	40	54	32	69	80	27	56	87	37	17	146	73	16	0	0	0	0	0	0	0	0	0	0	67	164	170	143	24	49	70	65	118	94	96	52	135	101	35	165	0	34	2	0	0	0	0	0	0	0	0	0	91	107	170	190	63	61	62	69	89	62	123	103	73	53	89	111	40	64	0	0	0	0	0	0	0	0	0	0	67	72	164	175	119	141	70	32	83	68	68	41	21	21	45	105	24	56	3	0	0	0	0	0	0	0	0	0	90	120	139	167	136	143	45	49	125	32	39	29	13	62	83	86	35	53	6	0	0	0	0	0	0	0	0	0	84	60	139	179	126	81	94	34	104	47	34	59	65	52	104	140	91	26	9	0	0	0	0	0	0	0	0	0	41	5	124	154	74	58	43	8	51	69	72	43	45	12	29	47	49	31	0	0	0	0	0	0	0	0	0	0	82	57	161	163	36	27	28	51	100	61	48	18	15	16	20	68	46	69	18	0	0	0	0	0	0	0	0	0	60	26	141	138	37	86	95	101	148	94	73	54	29	38	19	105	75	70	39	0	0	0	0	0	0	0	0	0	79	69	141	124	92	80	57	48	81	54	42	26	30	61	49	131	115	97	51	0	0	0	0	0	0	0	0	0	58	59	109	118	120	152	86	87	104	91	103	84	58	83	34	124	156	71	24	0	0	0	0	0	0	0	0	0	32	26	139	108	95	209	126	102	100	92	125	75	15	59	64	105	157	97	52	0	0	0	0	0	0	0	0	0	83	98	181	100	26	86	94	0	0	0	0	0	0	0	63	104	157	108	28	0	0	0	0	0	0	0	0	0	83	118	154	82	254	197	200	195	187	186	192	200	203	194	212	87	122	46	0	0	0	0	0	0	0	0	0	0	114	165	122	0	0	68	95	113	125	127	117	101	54	5	0	0	106	53	28	0	0	0	0	0	0	0	0	0	135	138	70	0	0	0	0	0	0	0	0	0	0	0	0	6	109	67	30	0	0	0	0	0	0	0	0	0	123	161	64	0	1	3	3	3	2	2	2	3	3	0	0	0	102	126	61	0	0	0	0
0	0	0	0	0	0	0	0	0	0	0	56	72	95	116	136	133	46	0	0	0	0	0	0	0	0	0	0	0	0	0	0	0	0	0	0	4	0	41	243	236	238	237	234	244	240	0	0	1	0	0	0	0	0	0	0	0	0	0	0	0	0	0	0	0	0	139	247	224	228	226	227	222	232	48	0	0	0	0	0	0	0	0	0	0	0	0	0	0	0	0	0	22	148	225	228	232	234	235	232	227	231	245	110	0	0	0	0	0	0	0	0	0	0	0	0	0	0	0	97	235	240	224	224	224	226	224	223	223	222	228	241	219	44	0	0	0	0	0	0	0	0	0	0	0	0	0	223	226	220	225	224	226	225	225	226	226	225	225	218	230	195	0	0	0	0	0	0	0	0	0	0	0	0	80	244	218	223	226	225	226	225	225	226	226	226	226	221	218	228	29	0	0	0	0	0	0	0	0	0	0	0	151	248	219	224	225	224	224	224	224	225	226	226	224	220	217	236	85	0	0	0	0	0	0	0	0	0	0	0	191	244	226	223	222	223	223	223	223	224	225	226	220	221	217	234	151	0	0	0	0	0	0	0	0	0	0	0	225	238	230	224	224	221	222	222	223	224	225	224	217	219	218	233	202	0	0	0	0	0	0	0	0	0	0	0	253	231	232	226	226	224	224	224	224	224	226	225	218	221	224	228	243	0	0	0	0	0	0	0	0	0	0	0	255	225	235	227	226	224	224	224	225	225	227	225	220	223	227	227	255	0	0	0	0	0	0	0	0	0	0	34	255	223	240	231	224	223	224	224	225	226	228	226	221	220	235	224	255	20	0	0	0	0	0	0	0	0	0	58	255	223	239	232	224	223	224	224	225	226	228	227	220	226	247	226	255	59	0	0	0	0	0	0	0	0	0	80	255	222	242	233	224	223	225	224	225	226	228	228	221	225	249	227	255	98	0	0	0	0	0	0	0	0	0	100	255	223	227	235	223	224	222	223	225	226	227	228	226	219	217	230	255	115	0	0	0	0	0	0	0	0	0	110	255	221	201	240	221	226	222	223	226	226	227	228	228	222	198	234	254	118	0	0	0	0	0	0	0	0	0	120	255	225	188	244	223	224	223	226	226	227	228	228	227	223	196	237	252	135	0	0	0	0	0	0	0	0	0	139	252	238	126	240	227	224	225	227	228	228	228	229	228	222	196	233	248	150	0	0	0	0	0	0	0	0	0	153	248	241	82	245	228	226	227	228	228	228	228	230	228	222	226	230	247	158	0	0	0	0	0	0	0	0	0	167	251	233	87	254	224	227	227	228	229	229	229	229	227	221	237	229	248	159	0	0	0	0	0	0	0	0	0	177	250	225	118	254	221	229	229	229	229	229	229	229	227	221	232	228	244	168	0	0	0	0	0	0	0	0	0	174	249	221	164	251	221	231	230	230	231	231	231	230	228	222	232	229	239	186	0	0	0	0	0	0	0	0	0	172	254	210	165	251	227	232	231	231	231	231	231	231	229	223	234	238	236	191	0	0	0	0	0	0	0	0	0	176	238	209	147	255	228	233	231	231	232	233	233	233	229	235	202	230	233	205	0	0	0	0	0	0	0	0	0	192	239	189	141	243	227	230	230	230	229	229	229	228	228	234	173	202	240	153	0	0	0	0	0	0	0	0	0	151	255	191	115	255	235	239	255	242	243	244	242	242	236	255	146	196	255	122	0	0	0	0	0	0	0	0	0	47	179	119	0	11	16	27	41	55	67	61	49	38	25	7	0	103	172	49	0	0	0	0
0	0	0	0	0	1	1	0	0	17	137	127	55	31	35	64	117	117	33	0	0	2	1	0	0	0	0	0	0	0	0	0	0	4	0	0	125	192	190	125	164	239	235	165	141	198	195	132	10	0	3	0	0	0	0	0	0	0	0	0	0	1	0	124	156	101	157	148	99	83	99	112	150	155	75	120	144	0	0	0	0	0	0	0	0	0	0	0	0	0	13	154	104	90	104	140	170	173	133	163	139	131	118	59	165	36	0	0	0	0	0	0	0	0	0	0	0	0	62	164	129	121	165	157	135	144	96	143	138	171	143	117	148	87	0	0	0	0	0	0	0	0	0	0	0	0	42	145	147	160	66	14	11	31	39	1	1	27	150	141	164	79	0	0	0	0	0	0	0	0	0	0	0	0	2	85	198	1	0	0	0	0	0	0	0	0	71	199	74	1	2	0	0	0	0	0	0	0	0	0	0	0	6	0	51	0	75	147	158	102	126	178	156	64	1	67	0	2	0	0	0	0	0	0	0	0	0	0	0	0	48	0	0	51	194	165	158	137	135	163	174	197	75	3	0	28	1	0	0	0	0	0	0	0	0	0	0	0	197	187	125	175	154	148	172	175	162	174	165	165	170	156	156	194	27	0	0	0	0	0	0	0	0	0	0	0	156	176	187	179	195	138	116	118	111	102	147	192	187	195	181	179	39	0	0	0	0	0	0	0	0	0	0	29	177	190	185	177	42	0	0	1	2	2	0	13	129	218	190	199	90	0	0	0	0	0	0	0	0	0	0	6	37	174	151	0	0	1	1	0	0	2	0	0	0	37	48	14	2	0	0	0	0	0	0	0	0	0	0	0	0	87	79	42	0	0	44	63	69	50	41	13	60	61	3	0	3	0	0	0	0	0	0	0	0	0	0	0	0	123	216	182	180	156	169	177	176	179	163	178	183	206	125	4	1	0	0	0	0	0	0	0	0	0	0	107	157	187	199	168	173	177	177	181	177	188	176	183	174	188	196	182	158	0	0	0	0	0	0	0	0	0	0	102	181	203	197	113	168	168	161	162	147	149	143	129	99	142	201	187	172	0	0	0	0	0	0	0	0	0	0	133	187	206	127	0	0	0	0	1	2	1	2	2	1	49	191	162	192	0	0	0	0	0	0	0	0	0	0	33	42	153	96	0	0	1	1	2	2	0	0	0	0	123	121	0	1	0	0	0	0	0	0	0	0	0	0	0	0	74	198	119	137	129	120	132	160	134	146	156	140	192	143	0	1	0	0	0	0	0	0	0	0	0	0	0	0	123	195	180	199	199	193	197	208	196	193	204	191	178	159	0	0	0	0	0	0	0	0	0	0	0	0	119	176	213	184	162	178	177	167	168	198	175	169	173	184	177	191	198	128	0	0	0	0	0	0	0	0	0	0	107	185	197	199	171	195	185	189	191	196	187	185	186	190	173	188	203	161	0	0	0	0	0	0	0	0	0	0	79	188	195	162	188	185	188	189	192	193	192	191	187	193	174	70	7	4	0	0	0	0	0	0	0	0	0	0	59	189	201	130	207	201	202	206	208	206	207	202	199	208	151	5	0	0	0	0	0	0	0	0	0	0	0	0	48	241	239	4	8	14	8	16	9	2	9	8	6	13	0	31	10	7	0	0	0	0	0	0	0	0	0	0	5	251	255	1	0	0	0	0	0	0	0	0	0	0	0	36	16	7	0	0	0	0	0	0	0	0	0	0	0	210	204	0	0	4	3	4	4	3	3	3	4	3	0	32	25	7	0	0	0	0	0
0	0	0	0	0	0	0	0	0	0	56	152	183	122	87	70	120	156	89	15	0	0	0	0	0	0	0	0	0	0	0	0	0	0	0	15	124	168	183	153	237	254	235	255	255	187	168	187	148	21	0	0	0	0	0	0	0	0	0	0	1	0	11	199	164	152	146	144	131	135	139	157	133	136	141	150	162	202	14	0	1	0	0	0	0	0	0	0	0	0	131	171	143	149	149	150	152	151	154	147	155	152	146	149	144	168	131	0	0	0	0	0	0	0	0	0	0	0	154	167	161	170	176	170	161	161	158	153	152	166	173	183	161	166	146	0	0	0	0	0	0	0	0	0	0	21	174	179	176	0	0	0	0	0	0	0	0	0	0	0	58	160	186	21	0	0	0	0	0	0	0	0	0	66	124	132	31	1	2	11	34	4	0	52	39	0	2	7	0	106	155	27	0	0	0	0	0	0	0	0	0	123	119	0	6	74	102	108	170	56	109	123	150	76	171	97	18	13	0	77	0	0	0	0	0	0	0	0	0	159	92	18	36	108	153	93	58	48	161	37	81	72	122	83	20	45	7	92	0	0	0	0	0	0	0	0	0	182	71	0	71	33	68	152	161	29	56	187	122	0	76	81	21	49	2	81	20	0	0	0	0	0	0	0	0	202	44	0	91	41	22	15	181	31	0	134	98	41	175	1	38	41	4	67	29	0	0	0	0	0	0	0	0	217	17	8	26	136	115	71	174	5	0	181	61	59	207	160	63	30	13	50	45	0	0	0	0	0	0	0	2	221	11	21	46	0	0	0	0	0	0	0	0	0	0	38	35	38	21	35	62	0	0	0	0	0	0	0	35	205	0	14	59	36	80	89	93	91	98	107	107	87	55	0	0	25	3	0	48	0	0	0	0	0	0	0	59	202	29	55	134	203	220	207	204	200	197	197	202	209	213	205	166	85	56	64	70	0	0	0	0	0	0	0	39	218	204	234	181	153	170	162	160	157	156	159	162	166	167	168	164	216	207	246	82	0	0	0	0	0	0	0	39	199	188	221	145	168	180	173	169	168	166	167	170	176	175	166	145	208	196	197	63	0	0	0	0	0	0	0	49	201	192	207	144	177	180	173	170	170	168	168	170	173	175	168	143	214	200	197	71	0	0	0	0	0	0	0	60	208	236	215	139	177	169	171	168	169	170	168	170	170	174	170	142	209	241	229	94	0	0	0	0	0	0	0	114	193	55	182	148	162	162	163	167	167	161	162	165	172	171	165	146	170	111	95	145	0	0	0	0	0	0	0	123	181	0	201	163	177	181	180	178	178	176	173	175	176	174	170	143	184	10	0	161	0	0	0	0	0	0	0	123	188	0	162	188	222	191	195	193	224	225	188	186	188	190	187	205	168	6	35	169	0	0	0	0	0	0	0	122	186	1	69	0	22	33	30	24	15	31	45	40	43	50	51	46	66	16	45	175	0	0	0	0	0	0	0	122	186	5	70	0	0	0	0	0	0	0	0	0	0	0	0	0	49	17	66	180	0	0	0	0	0	0	0	160	159	1	72	0	0	3	3	3	2	3	4	3	4	4	0	0	46	0	83	177	0	0	0	0	0	0	0	178	104	2	74	0	0	0	0	0	0	0	0	0	0	0	0	0	64	52	144	166	0	0	0	0	0	0	0	134	182	208	166	0	2	0	0	0	0	0	0	0	0	0	1	0	174	221	188	78	0	0	0	0	0	0	0	62	165	160	69	0	0	0	0	0	0	0	0	0	0	0	1	0	97	182	169	33	0	0	0
0	0	0	0	0	0	0	0	0	0	0	0	0	0	0	0	0	0	0	0	0	0	0	0	0	0	0	0	0	0	0	0	0	0	0	0	0	0	0	0	0	0	0	0	0	0	0	0	0	0	0	0	0	0	0	0	0	0	0	0	0	0	0	0	0	0	2	0	0	0	0	0	0	0	0	1	0	0	0	25	126	16	0	2	0	0	0	0	0	0	0	0	0	4	1	0	1	1	1	2	2	5	0	0	1	57	116	116	161	83	0	2	0	0	0	0	0	0	0	0	0	1	1	0	4	1	0	0	0	1	8	159	115	185	134	151	119	174	22	0	0	0	0	0	0	0	0	0	0	1	0	1	0	2	13	20	85	135	111	242	134	75	24	1	0	65	107	0	0	0	0	0	0	0	0	0	0	0	1	0	25	72	111	194	159	63	0	0	0	0	0	0	5	0	134	1	0	0	0	0	0	0	0	0	0	2	0	12	80	110	150	40	0	0	0	1	0	4	4	0	4	0	81	67	0	0	0	0	0	0	0	0	0	5	0	36	119	97	0	0	2	6	1	0	1	0	0	0	5	0	29	111	0	0	0	0	0	0	0	0	0	8	0	61	123	0	0	6	0	0	0	0	1	1	1	2	1	0	2	115	0	0	0	0	0	0	0	0	0	6	0	25	120	0	0	0	0	1	0	0	0	2	2	0	0	0	22	122	0	0	0	0	0	0	0	0	0	1	0	4	163	53	0	6	1	0	2	1	2	0	0	0	49	127	221	63	0	0	0	0	0	0	0	1	0	0	5	0	87	159	0	0	1	0	4	0	0	13	108	187	163	187	91	0	0	0	0	1	0	0	0	0	0	1	1	0	9	161	75	0	0	0	0	1	127	224	154	120	97	71	0	0	0	0	0	0	0	0	0	0	0	2	0	2	0	53	175	14	0	0	22	210	253	111	107	81	114	56	0	0	0	0	0	0	0	0	0	0	0	1	0	1	0	1	112	130	0	29	228	190	0	0	68	143	103	4	0	1	0	0	0	0	0	0	0	1	1	1	0	1	1	0	1	142	63	191	198	0	0	0	67	142	65	0	2	0	0	0	0	0	0	0	0	0	0	0	2	0	1	1	0	6	112	224	1	0	5	0	72	147	25	0	1	0	0	0	0	0	0	0	1	24	68	0	0	1	1	0	0	84	199	42	0	1	0	0	85	135	0	0	2	0	1	1	1	0	0	28	179	40	73	60	0	0	1	0	9	222	134	0	0	1	5	0	102	118	0	1	0	0	0	0	0	0	0	37	255	126	25	118	84	0	0	0	150	208	0	0	1	0	8	0	115	89	0	6	0	0	26	73	32	41	9	28	204	208	99	122	155	59	13	103	216	71	0	6	0	0	4	0	124	67	0	4	0	0	32	195	132	130	130	110	80	150	171	130	151	163	165	169	154	0	6	0	0	0	2	0	128	52	0	4	0	0	0	72	166	158	134	128	127	122	146	140	139	146	119	201	20	0	5	0	0	0	1	0	116	30	0	4	0	0	0	0	1	72	153	161	162	165	143	142	142	146	190	93	0	4	1	0	0	0	2	0	177	55	0	5	0	0	0	0	0	0	0	14	52	73	102	104	108	116	64	0	0	1	0	0	0	0	2	0	153	46	0	5	0	0	0	0	0	0	0	0	0	0	0	0	0	0	0	0	0	0	0	0	0	0	0	0	0	0	0	0	0	0	0	0	0	0	0	0	0	0	0	0	0	0	0	0	0	0	0	0	0	0	0	0	0	0	0	0	0	0
0	0	0	0	0	0	0	0	0	206	170	175	133	115	121	160	179	212	142	0	0	0	0	0	0	0	0	0	0	0	0	0	0	0	0	0	0	175	229	220	233	230	159	205	246	139	24	0	0	0	0	0	0	0	0	0	0	0	0	0	0	0	0	0	78	203	159	182	206	247	242	205	176	165	84	0	0	0	0	0	0	0	0	0	0	0	0	0	0	0	0	0	129	212	158	160	173	215	195	173	166	139	180	54	0	0	0	0	0	0	0	0	0	0	0	0	0	0	0	0	118	176	123	172	198	179	155	182	158	138	128	42	0	0	0	0	0	0	0	0	0	0	0	0	0	0	0	0	123	160	106	149	200	196	198	185	138	115	136	62	0	0	0	0	0	0	0	0	0	0	0	0	0	0	0	0	133	159	108	143	186	226	220	156	128	106	121	71	0	0	0	0	0	0	0	0	0	0	0	0	0	0	0	0	148	178	84	105	170	225	255	178	119	126	141	76	0	0	0	0	0	0	0	0	0	0	0	0	0	0	0	0	112	158	88	89	172	158	196	165	151	112	136	69	0	0	0	0	0	0	0	0	0	0	0	0	0	0	0	0	59	106	48	8	151	123	145	72	84	2	103	59	0	0	0	0	0	0	0	0	0	0	0	0	0	0	0	0	81	170	61	71	207	91	178	169	66	65	166	28	0	0	0	0	0	0	0	0	0	0	0	0	0	0	0	0	27	163	92	75	189	55	105	212	74	94	139	15	0	0	0	0	0	0	0	0	0	0	0	0	0	0	0	0	15	129	59	41	186	64	48	210	55	71	132	9	0	0	0	0	0	0	0	0	0	0	0	0	0	0	0	0	7	148	65	41	186	56	0	216	61	72	119	2	0	0	0	0	0	0	0	0	0	0	0	0	0	0	0	0	0	135	88	52	178	52	0	207	71	68	105	0	0	0	0	0	0	0	0	0	0	0	0	0	0	0	0	0	0	133	89	81	192	45	0	210	81	76	108	0	0	0	0	0	0	0	0	0	0	0	0	0	0	0	0	0	0	113	108	62	195	52	0	220	102	91	103	0	0	0	0	0	0	0	0	0	0	0	0	0	0	0	0	0	0	98	141	64	199	45	0	222	126	111	103	0	0	0	0	0	0	0	0	0	0	0	0	0	0	0	0	0	0	108	165	65	196	47	0	236	139	101	91	0	0	0	0	0	0	0	0	0	0	0	0	0	0	0	0	0	0	74	183	69	196	39	0	252	166	121	84	0	0	0	0	0	0	0	0	0	0	0	0	0	0	0	0	0	0	71	183	135	203	38	0	217	196	148	138	0	0	0	0	0	0	0	0	0	0	0	0	0	0	0	0	0	0	59	205	172	210	25	0	188	206	186	135	0	0	0	0	0	0	0	0	0	0	0	0	0	0	0	0	0	0	51	213	183	210	2	0	195	222	193	149	0	0	0	0	0	0	0	0	0	0	0	0	0	0	0	0	0	0	48	220	193	215	15	0	186	242	198	113	0	0	0	0	0	0	0	0	0	0	0	0	0	0	0	0	0	0	45	223	199	217	21	0	172	245	207	102	0	0	0	0	0	0	0	0	0	0	0	0	0	0	0	0	0	0	18	217	199	203	14	0	156	246	207	112	0	0	0	0	0	0	0	0	0	0	0	0	0	0	0	0	0	0	8	220	198	227	27	0	163	250	210	115	0	0	0	0	0	0	0	0	0	0	0	0	0	0	0	0	0	0	0	173	173	159	1	0	103	205	175	62	0	0	0	0	0	0	0	0	0
0	0	0	0	0	0	0	0	0	55	124	124	130	122	129	136	135	125	127	38	0	0	0	0	0	0	0	0	0	0	0	0	0	0	0	0	0	194	255	249	251	253	253	250	242	239	255	192	0	0	0	0	0	0	0	0	0	0	0	0	0	0	0	0	0	184	220	214	210	228	205	218	211	215	222	189	0	0	0	0	0	0	0	0	0	0	0	0	0	0	0	0	0	200	213	209	206	228	219	225	217	220	214	189	0	0	0	0	0	0	0	0	0	0	0	0	0	0	0	0	0	198	207	212	210	224	214	215	214	210	209	195	0	0	0	0	0	0	0	0	0	0	0	0	0	0	0	0	0	197	202	205	200	219	209	207	211	205	207	199	0	0	0	0	0	0	0	0	0	0	0	0	0	0	0	0	0	197	206	205	205	220	215	210	211	206	203	191	0	0	0	0	0	0	0	0	0	0	0	0	0	0	0	0	0	193	204	205	211	216	212	203	205	203	209	184	0	0	0	0	0	0	0	0	0	0	0	0	0	0	0	0	0	175	211	198	197	218	225	194	196	198	208	159	0	0	0	0	0	0	0	0	0	0	0	0	0	0	0	0	0	139	227	194	185	212	248	206	189	195	217	123	0	0	0	0	0	0	0	0	0	0	0	0	0	0	0	0	0	105	234	195	195	208	33	224	192	190	225	96	0	0	0	0	0	0	0	0	0	0	0	0	0	0	0	0	0	81	237	190	200	211	0	214	212	195	231	76	0	0	0	0	0	0	0	0	0	0	0	0	0	0	0	0	0	56	239	191	206	200	0	216	220	196	235	43	0	0	0	0	0	0	0	0	0	0	0	0	0	0	0	0	0	46	231	186	209	191	0	199	224	192	229	23	0	0	0	0	0	0	0	0	0	0	0	0	0	0	0	0	0	40	228	184	210	176	0	176	212	190	228	16	0	0	0	0	0	0	0	0	0	0	0	0	0	0	0	0	0	32	232	188	225	141	0	143	216	187	228	21	0	0	0	0	0	0	0	0	0	0	0	0	0	0	0	0	0	26	233	188	235	114	0	120	218	184	227	29	0	0	0	0	0	0	0	0	0	0	0	0	0	0	0	0	0	31	234	186	237	117	0	118	219	183	228	30	0	0	0	0	0	0	0	0	0	0	0	0	0	0	0	0	0	37	234	184	209	118	0	122	221	182	226	30	0	0	0	0	0	0	0	0	0	0	0	0	0	0	0	0	0	29	240	191	212	123	0	117	221	186	224	28	0	0	0	0	0	0	0	0	0	0	0	0	0	0	0	0	0	7	244	198	216	122	0	109	221	188	224	9	0	0	0	0	0	0	0	0	0	0	0	0	0	0	0	0	0	0	237	202	219	109	0	100	222	197	230	0	0	0	0	0	0	0	0	0	0	0	0	0	0	0	0	0	0	0	230	204	221	92	0	83	225	205	231	0	0	0	0	0	0	0	0	0	0	0	0	0	0	0	0	0	0	0	233	207	221	80	0	75	224	204	230	0	0	0	0	0	0	0	0	0	0	0	0	0	0	0	0	0	0	0	234	210	220	76	0	65	224	207	231	0	0	0	0	0	0	0	0	0	0	0	0	0	0	0	0	0	0	0	200	205	220	77	0	70	226	206	197	0	0	0	0	0	0	0	0	0	0	0	0	0	0	0	0	0	0	1	255	226	237	86	0	88	242	227	255	0	0	0	0	0	0	0	0	0	0	0	0	0	0	0	0	0	0	0	55	135	90	0	0	0	99	137	59	0	0	0	0	0	0	0	0	0
0	0	0	0	0	0	0	0	0	0	0	0	0	0	0	0	0	0	0	0	0	0	0	0	0	0	0	0	0	0	0	0	0	0	0	0	0	0	0	0	0	0	0	0	0	0	0	0	0	0	0	0	0	0	0	0	0	0	0	0	0	0	0	0	0	0	0	0	0	0	0	0	0	0	0	0	0	0	0	0	0	0	0	0	0	0	0	0	0	0	0	0	0	0	0	0	0	0	0	0	0	0	0	0	0	0	0	0	0	0	0	0	0	0	0	0	0	0	0	0	0	0	0	0	0	0	0	0	0	0	0	0	0	0	0	0	0	0	0	0	0	0	0	0	187	148	139	135	124	123	121	124	116	114	116	120	125	116	129	134	132	177	67	0	0	0	0	0	0	0	0	11	198	139	152	152	151	165	163	145	150	153	146	153	160	147	147	148	128	171	124	0	0	0	0	0	0	0	212	188	189	164	164	173	169	178	171	159	159	169	162	166	175	164	166	162	173	171	175	129	0	0	1	0	0	6	201	202	185	196	187	190	191	195	188	188	188	190	189	186	192	190	195	191	188	189	170	160	65	0	3	0	0	76	223	197	181	184	190	185	188	193	185	189	188	188	194	184	188	193	191	188	189	197	155	200	101	0	10	0	30	72	203	205	173	187	193	195	205	193	200	192	197	195	191	194	186	191	196	195	194	189	165	178	24	0	5	0	0	23	219	207	169	195	187	195	168	218	198	186	194	185	197	185	202	213	188	202	188	193	171	212	0	0	0	0	0	97	206	245	172	171	204	197	110	122	238	232	227	225	220	243	231	107	118	196	192	190	185	179	0	0	0	0	190	140	0	255	164	172	208	229	255	48	89	110	127	180	124	137	52	156	255	145	208	193	199	57	0	1	0	0	127	228	33	254	183	206	228	213	103	186	82	111	50	4	76	65	74	121	114	209	217	203	206	38	0	5	0	0	0	175	189	238	200	226	226	232	237	255	226	180	138	160	100	156	254	255	218	229	211	200	201	31	0	5	0	0	0	101	193	207	211	204	217	218	229	220	229	219	235	236	237	220	191	218	213	208	200	194	236	17	0	3	0	0	0	152	173	118	126	148	140	142	146	142	144	115	236	221	209	213	214	207	209	206	200	194	230	2	0	6	1	0	0	186	155	68	238	189	191	173	166	199	114	79	247	217	210	208	211	213	203	212	220	203	227	0	0	0	0	0	0	164	139	170	162	147	144	210	195	134	96	112	219	209	206	207	206	202	205	206	166	222	195	0	23	88	0	0	0	158	187	169	151	151	175	185	166	132	167	183	233	234	229	228	226	226	224	205	127	154	180	157	175	195	129	74	0	154	187	180	202	198	216	234	207	228	237	183	178	172	172	172	171	176	156	255	210	19	189	198	189	206	207	177	0	0	0	6	18	44	40	39	45	37	17	0	0	0	0	0	0	0	0	0	60	87	91	67	79	102	74	24	0	0	0	0	0	0	0	0	0	0	0	0	0	0	0	0	0	0	0	0	0	0	0	0	0	0	0	0	0	0	0	0	0	0	0	0	0	0	0	0	0	0	0	0	0	0	0	0	0	0	0	0	0	0	0	0	0	0	0	0	0	0	0	0	0	0	0	0	0	0	0	0	0	0	0	0	0	0	0	0	0	0	0	0	0	0	0	0	0	0	0	0	0	0	0	0	0	0	0	0	0	0	0	0	0	0	0	0	0	0	0	0	0	0	0	0	0	0	0	0	0	0	0	0	0	0	0	0	0	0	0	0	0	0	0	0	0	0	0	0
0	0	0	0	0	0	0	0	0	1	0	0	92	143	137	30	0	0	0	0	0	0	0	0	0	0	0	0	0	0	0	0	0	0	2	2	0	0	0	138	75	0	12	196	80	0	3	0	0	0	1	0	0	0	0	0	0	0	0	0	0	0	1	1	3	0	86	94	0	0	0	0	154	33	0	4	0	0	0	0	0	0	0	0	0	0	0	0	0	0	0	2	0	25	122	0	12	0	2	0	28	155	0	0	2	0	0	0	0	0	0	0	0	0	0	0	0	1	1	0	0	136	12	0	4	1	0	4	0	94	129	0	2	1	0	0	0	0	0	0	0	0	0	0	0	1	7	0	87	60	0	2	0	0	0	0	0	0	138	90	0	9	1	0	1	0	0	0	0	0	0	0	0	3	0	60	141	0	0	0	2	2	1	1	1	0	0	169	28	0	3	0	0	0	0	0	0	0	0	0	0	0	54	170	8	0	0	0	0	0	0	0	0	0	0	55	254	14	0	0	0	0	0	0	0	0	0	1	0	35	152	28	0	0	0	0	0	0	0	0	0	0	0	0	51	158	32	0	0	0	0	0	0	0	0	0	9	118	0	6	206	193	189	190	164	169	172	164	207	201	200	226	38	0	116	22	0	0	0	0	0	0	0	71	169	153	23	152	194	178	190	194	186	185	185	173	169	174	177	191	195	76	159	194	148	0	0	0	0	0	0	100	155	180	215	190	173	175	175	162	163	180	146	116	144	160	172	170	190	211	199	191	165	0	0	0	0	0	0	113	106	81	115	155	186	154	160	163	149	151	121	105	167	178	189	178	175	173	128	201	94	0	0	0	0	0	0	103	147	101	94	125	129	128	121	123	113	143	158	127	165	139	132	177	167	138	148	233	73	0	0	0	0	0	0	99	162	139	120	165	148	138	128	118	120	131	94	139	163	162	158	162	155	173	199	217	85	0	0	0	0	0	0	96	163	120	110	159	163	152	148	151	148	152	147	137	144	153	146	162	152	189	173	205	84	0	0	0	0	0	0	85	157	121	148	149	147	141	134	126	125	131	132	125	129	146	158	165	170	191	185	212	73	0	0	0	0	0	0	74	148	146	157	159	141	146	142	132	137	143	123	118	129	149	168	163	186	204	185	215	64	0	0	0	0	0	0	61	170	127	143	102	113	157	147	133	142	153	125	125	141	160	180	181	204	206	188	215	34	0	0	0	0	0	0	56	179	76	108	30	120	147	138	138	134	147	126	129	148	155	165	186	193	199	175	209	16	0	0	0	0	0	0	47	165	123	126	89	165	146	128	128	129	147	153	149	151	155	158	175	189	190	180	215	23	0	0	0	0	0	0	43	149	122	112	128	155	129	129	137	131	132	152	147	162	162	162	189	210	206	190	207	14	0	0	0	0	0	0	44	157	123	125	144	155	143	144	137	154	151	142	139	151	152	162	196	190	204	193	217	16	0	0	0	0	0	0	50	164	127	131	141	139	151	144	141	151	160	154	158	163	163	189	204	180	194	193	190	17	0	0	0	0	0	0	33	162	139	175	146	134	153	134	139	159	152	121	118	134	148	163	174	189	198	180	190	0	0	0	0	0	0	0	0	143	147	146	125	164	160	153	160	186	172	137	143	144	159	154	141	178	185	206	126	0	0	0	0	0	0	0	0	9	165	160	133	134	134	165	162	178	179	153	178	186	200	212	204	231	229	91	0	0	0	0	0	0	0	0	0	0	0	79	148	164	153	158	157	163	157	136	141	142	125	137	115	64	0	0	0	0	0	0	0
0	0	0	0	1	0	1	0	0	25	28	41	38	45	46	38	35	39	13	0	0	1	1	0	0	0	0	0	0	0	0	0	0	0	0	0	86	89	97	108	111	108	109	107	107	112	102	71	0	0	0	0	0	0	0	0	0	0	0	0	34	59	34	85	80	74	89	85	82	83	83	82	82	95	84	167	127	71	56	0	0	0	0	0	0	0	0	0	83	104	142	201	65	89	91	87	93	92	92	91	92	118	111	147	162	116	128	0	0	1	0	0	0	0	0	0	74	102	178	79	73	111	113	104	111	103	107	116	126	125	124	3	164	120	112	2	0	2	0	0	0	1	0	0	91	112	172	0	78	101	94	84	86	94	96	107	127	124	139	0	184	134	113	19	0	1	0	0	0	0	0	3	92	119	226	0	67	90	82	85	87	87	89	101	122	123	146	0	128	153	87	47	0	0	0	0	0	0	0	10	92	131	197	0	57	96	84	98	100	97	101	109	123	118	132	0	80	178	92	68	0	0	0	0	0	0	0	31	91	154	145	0	57	103	86	85	90	94	101	112	117	119	138	0	13	236	97	82	0	0	0	0	0	0	0	59	82	183	100	0	74	105	100	102	91	97	102	112	112	124	138	0	0	200	86	95	0	0	0	0	0	0	13	108	75	186	169	0	100	122	108	107	111	111	112	117	116	103	131	25	0	194	105	106	0	0	0	0	0	0	90	116	52	180	207	1	64	100	93	81	90	96	100	104	97	90	119	49	19	245	125	112	91	0	0	0	0	0	134	97	54	165	239	119	71	98	86	89	95	92	96	98	94	106	101	65	154	208	126	93	163	13	0	0	0	68	135	84	65	131	254	106	70	92	92	93	93	93	96	96	98	100	104	68	175	209	124	68	158	83	0	0	0	70	149	138	89	116	198	80	78	93	85	96	95	101	101	98	98	91	106	78	140	241	138	81	196	135	42	0	0	0	17	49	1	0	12	72	93	87	85	95	91	96	95	92	93	94	104	94	100	207	132	53	83	36	0	0	0	0	0	0	0	0	0	94	102	84	89	92	87	93	90	90	91	95	104	100	86	0	0	0	0	0	0	0	0	0	2	2	1	0	3	112	101	84	86	96	90	92	95	95	94	94	93	107	108	0	0	0	3	1	0	0	0	0	0	0	0	0	2	107	98	84	87	95	91	92	93	92	97	97	80	112	113	0	0	1	0	0	0	0	0	0	0	0	1	0	2	109	101	90	93	96	95	87	87	87	95	89	84	102	105	5	0	1	0	0	0	0	0	0	0	0	1	0	3	111	98	87	92	93	95	86	91	93	95	95	101	95	113	10	0	2	0	0	0	0	0	0	0	0	1	0	1	106	96	87	91	93	91	87	93	96	94	98	96	101	116	7	0	1	0	0	0	0	0	0	0	0	1	0	1	111	96	86	90	94	87	86	91	93	89	101	102	104	108	10	0	2	0	0	0	0	0	0	0	0	1	0	6	111	87	90	92	96	91	91	94	96	92	96	101	94	103	20	0	2	0	0	0	0	0	0	0	0	1	0	6	105	85	94	95	101	96	96	100	101	97	92	94	95	104	26	0	2	0	0	0	0	0	0	0	0	1	0	4	108	89	86	90	93	90	91	93	93	90	91	98	94	102	24	0	2	0	0	0	0	0	0	0	0	1	0	4	100	103	117	119	119	115	112	112	112	113	108	117	115	127	25	0	2	0	0	0	0	0	0	0	0	0	0	0	8	24	40	47	57	62	57	58	57	59	51	40	39	32	1	0	1	0	0	0	0
0	0	0	0	0	0	0	0	0	0	0	0	0	0	0	0	0	0	0	0	0	0	0	0	0	0	0	0	0	0	0	0	0	0	0	0	0	0	0	0	0	0	0	0	0	0	0	0	0	0	0	0	0	0	0	0	0	0	0	3	0	0	0	88	221	220	62	0	0	0	0	0	0	108	243	167	11	0	0	0	3	0	1	0	0	0	0	0	19	166	255	255	218	237	249	255	236	112	159	250	255	242	214	229	255	221	64	0	0	0	0	0	0	0	0	139	236	234	207	177	181	223	189	224	242	253	255	225	191	215	212	159	203	234	242	218	43	0	0	0	0	0	230	245	200	194	250	188	204	200	177	189	199	164	169	168	148	196	198	165	213	195	202	215	244	75	0	0	0	193	246	211	200	206	226	176	224	222	171	206	218	185	191	206	190	215	240	186	204	210	218	208	217	243	89	0	149	251	197	203	201	215	205	177	246	231	171	208	213	191	209	232	182	186	230	191	212	220	199	229	204	223	230	6	0	214	241	210	200	240	184	209	224	203	183	211	209	198	191	213	187	216	195	182	218	233	206	213	212	249	139	0	0	41	230	255	226	220	187	232	208	193	184	209	215	163	192	217	176	185	233	194	192	232	224	231	253	165	0	0	0	0	9	217	244	223	222	211	206	197	180	206	197	190	220	220	175	202	217	200	223	229	234	255	109	0	0	0	0	0	0	0	75	255	220	200	213	208	174	198	201	169	196	202	178	203	209	204	215	241	201	0	0	0	3	0	0	0	0	0	0	206	230	218	210	189	198	207	220	186	192	242	204	213	232	227	220	235	62	0	2	0	0	0	0	0	0	0	0	120	234	209	191	214	191	198	212	190	186	221	188	177	211	218	229	252	0	0	1	0	0	0	0	0	0	2	0	82	236	208	198	205	187	201	205	209	207	195	199	196	195	208	230	209	0	0	2	0	1	0	0	0	0	5	0	7	224	218	198	178	196	184	198	199	188	184	192	203	211	223	239	178	0	0	1	1	0	0	0	0	0	4	0	0	213	227	206	182	218	174	182	211	200	199	223	212	222	227	246	163	0	0	0	2	0	0	0	0	0	4	0	0	209	229	212	191	210	181	181	218	183	165	172	194	236	222	240	148	0	2	0	0	0	0	0	0	0	4	0	0	211	226	219	214	189	195	186	201	193	213	188	202	208	222	240	137	0	3	0	0	0	0	0	0	0	4	0	0	211	219	224	208	185	199	181	190	193	168	194	203	216	231	244	125	0	4	0	0	0	0	0	0	0	4	0	0	219	222	228	226	203	190	190	199	187	208	180	214	217	219	246	155	0	2	0	0	0	0	0	0	0	5	0	21	225	219	215	227	218	200	186	192	188	186	190	206	226	219	249	153	0	2	0	0	0	0	0	0	0	6	0	68	237	215	225	222	240	207	204	227	177	182	209	211	216	223	242	223	0	0	1	0	0	0	0	0	0	7	0	96	238	205	226	205	240	201	193	205	200	199	197	203	230	226	233	200	0	0	2	0	0	0	0	0	0	7	0	95	239	208	215	209	219	204	167	179	201	191	199	173	211	217	234	188	0	0	1	0	0	0	0	0	0	6	0	66	233	233	234	255	255	255	248	252	252	236	255	255	255	233	249	209	0	0	1	0	0	0	0	0	0	1	0	0	43	54	56	68	76	82	88	86	87	86	88	83	62	48	66	27	0	2	0	0	0	0	0	0	0	0	0	0	0	0	0	0	0	0	0	0	0	0	0	0	0	0	0	0	0	0	0	0	0	0
0	0	0	0	0	1	1	0	0	0	0	225	204	178	175	176	215	85	0	0	0	0	1	0	0	0	0	0	0	0	0	0	0	0	0	0	24	116	226	223	244	161	125	252	247	212	164	44	0	0	0	2	0	0	0	0	0	0	0	1	0	0	101	183	223	230	215	206	214	166	132	229	209	208	227	227	192	95	0	0	1	0	0	0	0	0	0	0	0	145	237	218	209	207	210	216	208	235	245	205	211	211	207	208	217	236	140	0	0	0	0	0	0	0	0	0	15	224	205	211	210	211	211	209	215	212	191	214	211	211	212	210	210	207	233	69	0	0	0	0	0	0	0	0	123	230	211	208	213	209	212	209	210	218	202	212	208	211	211	211	209	212	231	154	0	0	0	0	0	0	0	0	222	225	212	210	211	209	211	211	209	219	202	215	211	209	210	210	209	224	228	201	0	0	0	0	0	0	0	0	215	223	214	213	209	209	211	210	211	215	197	215	210	208	210	203	218	232	221	251	0	0	0	0	0	0	0	34	225	223	221	231	215	212	211	212	211	218	206	216	211	210	213	199	239	230	216	225	35	0	0	0	0	0	0	55	224	216	235	234	213	219	214	215	215	214	214	213	213	218	215	201	237	231	214	223	72	0	0	0	0	0	0	146	246	224	244	242	207	217	215	212	212	212	214	213	213	217	221	198	245	242	223	244	148	0	0	0	0	0	0	37	129	202	255	226	213	212	219	213	212	212	213	213	214	212	216	217	191	255	214	138	40	0	0	0	0	0	0	0	0	0	0	48	250	211	219	213	214	212	213	215	217	212	204	253	61	0	0	0	0	0	0	0	0	0	0	5	3	0	0	65	220	214	211	212	214	213	213	215	218	216	204	227	97	0	0	3	5	0	0	0	0	0	0	0	0	3	0	58	220	210	210	214	213	213	214	214	218	219	203	224	99	0	4	0	0	0	0	0	0	0	0	0	0	6	0	57	219	207	215	215	213	214	215	214	216	222	208	218	97	0	4	0	0	0	0	0	0	0	0	0	0	6	0	57	215	206	219	217	214	215	216	212	217	220	210	218	92	0	4	0	0	0	0	0	0	0	0	0	0	5	0	35	211	210	218	215	213	215	217	216	215	217	210	220	94	0	4	0	0	0	0	0	0	0	0	0	0	4	0	14	208	213	216	214	213	214	217	219	214	220	210	225	106	0	5	0	0	0	0	0	0	0	0	0	0	4	0	6	207	215	213	215	215	215	216	218	213	220	208	225	120	0	4	0	0	0	0	0	0	0	0	0	0	3	0	0	206	217	212	215	216	215	216	219	211	220	210	224	129	0	2	0	0	0	0	0	0	0	0	0	0	2	0	0	204	214	212	216	214	214	217	219	214	219	211	223	141	0	1	0	0	0	0	0	0	0	0	0	0	2	0	0	204	213	213	215	214	214	217	218	214	218	212	222	149	0	0	0	0	0	0	0	0	0	0	0	0	3	0	0	205	212	213	216	214	214	217	219	213	216	213	221	155	0	0	0	0	0	0	0	0	0	0	0	0	3	0	0	206	210	213	215	215	214	216	220	214	214	212	221	154	0	0	0	0	0	0	0	0	0	0	0	0	4	0	27	211	210	212	209	210	210	210	214	211	213	210	218	151	0	0	0	0	0	0	0	0	0	0	0	0	6	0	55	223	212	217	229	230	231	234	240	241	246	224	234	181	0	0	0	0	0	0	0	0	0	0	0	0	5	0	43	177	170	168	170	172	177	171	160	146	123	118	143	112	0	0	0	0	0	0	0
0	0	0	0	0	0	2	0	0	0	108	169	83	36	38	81	153	135	0	0	0	2	0	0	0	0	0	0	0	0	0	0	0	0	0	0	79	239	225	203	246	251	222	255	210	217	251	85	0	0	0	0	0	0	0	0	0	0	0	0	0	0	64	186	235	225	219	211	193	195	206	196	207	222	226	238	182	53	0	0	0	0	0	0	0	0	0	0	0	85	237	228	216	221	222	231	231	214	210	226	231	221	221	217	227	241	112	0	0	0	0	0	0	0	0	0	0	218	219	218	222	224	221	217	222	227	225	223	221	222	223	222	220	217	226	15	0	0	0	0	0	0	0	0	72	237	220	223	224	222	221	222	221	222	224	222	222	223	222	223	221	221	236	110	0	0	0	0	0	0	0	0	105	235	226	223	222	222	222	222	223	223	223	222	221	222	223	223	226	228	231	146	0	0	0	0	0	0	0	0	162	227	229	235	218	223	221	223	224	225	225	224	223	223	225	219	232	231	228	185	0	0	0	0	0	0	0	0	216	222	225	235	214	221	224	225	226	227	227	226	224	223	225	219	238	228	222	211	0	0	0	0	0	0	0	0	179	219	235	254	226	224	225	228	227	226	226	226	225	228	225	224	253	238	226	199	0	0	0	0	0	0	0	0	0	17	91	177	222	227	224	228	227	226	226	226	226	227	225	230	172	81	41	0	0	0	0	0	0	0	0	0	0	0	0	0	224	229	222	228	227	226	226	225	227	227	225	255	0	0	0	0	0	0	0	0	0	0	0	0	1	2	0	0	217	232	224	229	227	227	227	227	227	225	228	226	9	0	5	0	0	0	0	0	0	0	0	0	0	0	0	0	209	233	224	230	227	228	227	227	229	224	232	217	0	0	1	0	0	0	0	0	0	0	0	0	0	0	0	0	201	232	225	231	226	228	226	227	227	225	232	214	0	0	3	0	0	0	0	0	0	0	0	0	0	0	0	0	193	233	227	231	227	228	228	228	228	226	230	215	0	0	2	0	0	0	0	0	0	0	0	0	0	0	0	0	190	234	228	230	227	227	228	228	228	227	230	214	0	0	2	0	0	0	0	0	0	0	0	0	0	0	0	0	191	234	228	231	227	227	228	228	227	227	229	212	0	0	2	0	0	0	0	0	0	0	0	0	0	0	0	0	188	236	228	229	228	227	228	228	229	227	228	214	0	0	3	0	0	0	0	0	0	0	0	0	0	0	0	0	193	236	228	228	228	228	228	228	230	228	228	218	0	0	3	0	0	0	0	0	0	0	0	0	0	1	0	0	209	236	228	228	228	227	228	227	229	228	228	219	0	0	3	0	0	0	0	0	0	0	0	0	0	1	0	0	186	235	228	229	228	228	228	228	229	228	227	221	0	0	3	0	0	0	0	0	0	0	0	0	0	1	0	0	185	233	227	229	229	229	229	229	229	229	226	225	8	0	3	0	0	0	0	0	0	0	0	0	0	1	0	0	185	235	228	229	229	229	229	229	230	230	225	228	16	0	4	0	0	0	0	0	0	0	0	0	0	1	0	0	185	235	228	229	229	229	229	228	231	230	225	228	15	0	4	0	0	0	0	0	0	0	0	0	0	1	0	0	181	234	223	228	229	228	226	228	227	227	224	227	28	0	5	0	0	0	0	0	0	0	0	0	0	0	0	0	238	249	233	247	239	237	238	241	244	236	238	237	31	0	4	0	0	0	0	0	0	0	0	0	0	0	0	0	63	164	163	186	202	207	204	198	187	171	159	87	0	0	1	0	0	0	0	0
0	0	0	0	40	42	41	40	38	34	26	0	194	140	89	136	0	34	35	33	32	32	33	34	0	0	0	0	0	0	0	0	41	43	42	41	39	35	27	0	254	166	44	201	20	21	33	33	32	32	33	34	0	0	0	0	0	0	0	0	42	44	42	41	39	35	21	44	99	58	46	95	117	44	20	35	32	33	33	34	0	0	0	0	0	0	0	0	43	46	46	46	41	31	34	91	86	71	85	78	107	72	12	35	32	32	33	34	0	0	0	0	0	0	0	0	44	48	47	44	43	27	48	99	94	76	88	81	108	80	9	33	33	33	33	35	0	0	0	0	0	0	0	0	47	49	49	47	50	29	54	123	108	84	93	84	116	94	6	34	34	33	33	35	0	0	0	0	0	0	0	0	49	50	51	50	54	33	53	145	117	80	86	87	133	110	4	35	33	34	35	39	0	0	0	0	0	0	0	0	50	51	53	53	53	36	55	158	110	70	96	96	137	125	1	34	36	36	38	40	0	0	0	0	0	0	0	0	51	51	54	54	51	36	72	138	76	96	109	98	130	136	6	34	38	39	39	42	0	0	0	0	0	0	0	0	54	54	54	55	54	36	77	155	86	106	107	99	121	156	10	35	39	40	41	43	0	0	0	0	0	0	0	0	56	56	55	56	54	36	92	129	77	99	99	94	118	158	11	36	41	41	42	44	0	0	0	0	0	0	0	0	57	57	57	57	53	40	95	115	89	116	109	107	117	138	26	35	43	44	44	44	0	0	0	0	0	0	0	0	59	59	59	58	54	53	77	114	91	106	100	110	101	154	26	39	44	44	46	48	0	0	0	0	0	0	0	0	61	61	61	61	57	41	91	143	89	115	119	121	122	92	16	46	44	44	47	49	0	0	0	0	0	0	0	0	63	63	62	63	62	38	81	168	85	113	109	92	117	73	20	44	44	46	47	50	0	0	0	0	0	0	0	0	63	63	62	63	64	53	41	145	113	117	121	108	133	88	25	49	46	47	50	53	0	0	0	0	0	0	0	0	66	66	68	66	66	58	44	87	96	85	95	91	103	79	35	47	47	50	55	56	0	0	0	0	0	0	0	0	71	71	70	70	68	63	40	44	163	81	72	125	57	27	49	48	49	50	55	62	0	0	0	0	0	0	0	0	68	70	72	71	68	62	46	55	137	78	89	133	40	42	50	50	49	54	59	65	0	0	0	0	0	0	0	0	62	65	69	68	66	64	49	50	108	104	113	98	28	51	51	51	53	56	64	69	0	0	0	0	0	0	0	0	66	70	72	71	72	72	69	57	101	153	132	49	46	58	57	58	59	63	69	70	0	0	0	0	0	0	0	0	55	54	59	63	64	62	62	40	64	197	96	17	50	46	44	47	46	46	48	47	0	0	0	0	0	0	0	0	21	17	25	38	36	29	23	2	106	128	9	13	26	24	24	27	26	24	26	26	0	0	0	0	0	0	0	0	27	28	33	41	43	44	27	21	147	91	1	26	28	32	34	35	35	33	36	35	0	0	0	0	0	0	0	0	27	28	31	32	35	39	23	43	170	116	20	26	38	34	33	29	28	28	28	28	0	0	0	0	0	0	0	0	27	28	28	31	29	29	20	24	197	154	46	31	40	32	32	29	31	32	29	31	0	0	0	0	0	0	0	0	27	28	29	28	28	28	31	0	32	216	84	5	31	28	28	28	31	31	29	31	0	0	0	0	0	0	0	0	27	28	29	27	26	25	24	21	6	25	4	20	24	25	26	27	31	32	29	32	0	0	0	0
0	0	0	0	0	0	4	0	15	148	129	132	128	121	115	144	151	131	183	10	0	0	0	0	0	0	0	0	0	0	0	0	0	0	0	0	173	221	88	101	122	139	140	116	97	87	255	66	0	1	0	0	0	0	0	0	0	0	0	0	0	0	0	105	238	165	209	162	115	95	104	117	170	199	228	186	0	0	0	0	0	0	0	0	0	0	2	0	1	0	31	247	186	0	62	170	204	201	204	204	142	4	153	245	182	0	0	0	0	0	0	0	0	0	0	1	0	0	211	242	74	31	36	8	28	43	41	18	11	25	28	207	240	156	0	0	1	0	0	0	0	0	0	0	0	211	247	199	29	53	56	58	55	47	49	57	55	55	10	112	228	237	133	0	0	0	0	0	0	0	0	0	172	247	235	124	28	60	55	50	54	56	53	53	52	52	43	35	219	220	246	140	0	0	1	0	0	0	0	18	238	239	197	45	71	54	52	53	55	53	51	54	54	54	49	18	194	241	217	245	87	0	2	0	0	0	0	87	244	242	160	90	80	68	62	62	63	66	64	70	65	61	60	52	124	241	223	237	73	0	2	0	0	0	0	111	251	236	228	75	100	92	72	80	79	79	78	80	79	80	75	89	131	254	227	244	107	0	2	0	0	0	0	138	248	236	255	134	102	96	71	83	81	81	78	76	79	86	93	69	212	255	227	242	174	0	0	0	0	0	0	192	247	232	255	58	106	96	69	84	79	81	83	77	86	75	85	105	165	220	240	237	218	0	0	0	0	0	0	234	240	237	243	0	105	96	69	84	81	80	84	77	87	68	91	109	90	232	245	232	252	0	0	0	0	0	0	254	232	248	183	0	121	92	70	85	84	81	86	79	90	75	79	114	0	245	244	230	255	8	0	0	0	0	0	255	227	254	110	0	129	81	71	86	88	81	86	80	88	80	67	108	0	227	248	226	245	63	0	0	0	0	30	255	228	253	61	0	125	80	72	85	90	83	90	81	92	85	67	108	0	186	249	227	251	107	0	0	0	0	73	255	229	255	10	41	116	86	75	86	95	90	89	75	100	85	62	115	0	125	255	227	247	156	0	0	0	0	111	255	232	255	0	77	102	83	73	87	91	91	93	78	102	88	72	93	37	47	255	228	243	195	0	0	0	0	153	254	238	252	0	95	92	89	86	88	90	95	95	74	95	92	82	77	77	0	255	238	238	235	0	0	0	0	163	236	245	201	0	106	87	93	82	84	90	104	98	76	91	94	76	78	86	0	255	241	233	255	0	0	0	0	204	234	251	153	0	118	80	88	78	85	87	104	94	75	86	98	78	80	90	0	223	238	226	224	0	0	0	0	215	238	255	123	0	119	77	86	77	80	102	107	90	74	80	95	77	79	106	0	195	255	241	249	46	0	0	0	0	22	44	0	22	107	79	82	79	75	100	109	94	78	79	94	76	74	104	9	38	165	146	195	47	0	0	0	0	0	0	0	52	106	74	82	83	78	95	109	94	80	77	98	82	76	101	43	0	0	0	0	0	0	0	0	1	3	3	0	60	97	73	90	87	73	98	118	97	79	73	92	80	77	100	56	0	3	0	0	0	0	0	0	0	0	1	0	68	90	69	85	83	68	96	116	86	73	67	77	77	72	86	59	0	2	0	0	0	0	0	0	0	0	2	0	75	105	87	102	99	86	114	125	98	102	97	99	94	91	107	75	0	2	0	0	0	0	0	0	0	0	1	0	29	62	52	41	60	62	67	61	42	36	38	46	31	34	31	19	0	1	0	0	0	0
0	0	0	0	0	0	0	0	0	0	0	0	0	0	0	0	0	0	0	0	0	0	0	0	0	0	0	0	0	0	0	0	0	0	0	0	0	0	0	0	0	0	0	0	0	0	0	0	0	0	0	0	0	0	0	0	0	0	0	0	0	0	0	0	0	0	0	0	0	0	0	0	0	0	0	0	0	0	0	0	0	0	0	0	0	0	0	0	1	2	2	0	0	0	33	83	41	0	13	76	54	23	0	0	0	0	0	0	0	0	0	0	0	0	0	0	0	0	0	0	0	11	1	90	218	247	255	241	99	0	7	0	0	0	0	0	0	0	0	0	0	0	0	0	0	0	1	7	23	47	0	27	159	223	204	112	0	0	46	25	7	0	0	0	0	0	0	0	0	0	0	2	13	25	27	18	13	47	1	50	54	120	31	18	129	10	42	24	22	30	27	11	0	0	0	0	0	0	8	28	23	14	10	14	11	12	31	109	69	22	0	10	59	42	13	7	10	14	20	25	30	10	0	0	0	3	26	11	4	11	11	7	4	7	0	0	8	14	2	2	0	0	6	5	8	8	8	6	13	27	2	0	0	17	16	2	13	8	8	11	8	6	12	11	5	8	0	14	12	6	6	10	10	12	6	11	8	13	20	0	4	21	11	8	7	7	8	7	6	10	7	3	21	13	5	8	14	6	8	10	7	7	10	12	14	10	18	7	8	15	12	11	5	4	7	5	8	7	5	7	15	12	7	5	8	12	6	10	10	7	8	1	13	15	16	14	8	16	12	14	8	6	7	7	7	10	6	6	13	11	6	7	11	8	5	14	5	4	14	10	13	12	14	14	14	14	13	22	13	7	7	8	7	10	8	7	11	11	6	7	11	8	2	22	15	7	11	14	15	15	5	12	17	7	14	28	16	8	7	10	7	8	11	6	8	11	6	7	10	8	3	15	14	11	6	16	10	12	6	16	14	5	16	35	16	6	10	11	8	10	10	7	8	11	7	8	10	11	7	6	7	5	23	55	13	11	7	20	13	11	5	31	30	5	17	13	10	10	10	10	10	10	10	11	12	11	12	14	17	2	23	61	12	14	4	20	13	21	15	51	53	8	11	16	10	8	10	10	10	10	10	11	11	11	13	13	16	8	14	53	34	21	16	21	0	5	11	30	24	6	10	17	10	10	10	10	10	10	10	11	11	11	13	12	15	13	7	27	24	10	11	5	0	0	0	0	0	15	15	12	7	10	10	10	10	10	8	10	11	11	11	8	11	15	8	0	0	0	0	0	0	0	0	0	0	18	12	13	11	10	10	10	10	10	10	10	11	11	13	8	12	14	12	0	0	0	1	0	0	0	0	0	0	14	14	12	10	10	10	10	10	10	10	10	10	10	14	12	13	15	8	0	0	1	1	0	0	0	0	0	0	15	13	11	10	10	10	10	10	10	10	10	10	10	12	12	12	15	11	0	0	0	1	0	0	0	0	0	0	15	13	11	10	10	10	10	10	10	10	10	10	8	11	14	11	14	12	0	0	0	1	0	0	0	0	0	0	15	13	11	10	10	10	10	10	10	10	10	10	8	11	16	8	12	13	0	0	1	1	0	0	0	0	0	0	14	13	10	10	10	11	11	11	10	10	10	10	10	11	14	12	15	13	0	0	0	1	0	0	0	0	0	0	0	0	0	0	0	0	0	0	0	0	0	0	0	0	0	0	0	0	0	0	0	0	0	0	0	0	0	0	0	0	0	0	0	0	0	0	0	0	0	0	0	0	0	0	0	0	0	0	0	0	0
0	0	0	0	0	0	0	0	0	0	0	0	0	0	0	0	0	0	0	0	0	0	0	0	0	0	0	0	0	0	0	0	0	0	0	0	0	0	0	0	0	0	0	0	0	0	0	0	0	0	0	0	0	0	0	0	0	0	0	0	0	0	0	0	0	0	0	0	0	0	0	0	0	0	0	0	0	0	0	0	0	0	0	0	0	0	0	0	0	0	0	0	0	0	0	0	0	0	0	0	0	0	0	0	0	0	0	0	0	0	0	0	0	0	0	0	0	0	0	0	0	0	0	0	0	0	0	0	0	0	0	0	0	0	0	0	0	0	0	0	0	0	0	0	0	0	0	0	0	0	0	0	0	0	0	0	0	0	0	0	0	0	0	0	0	0	0	0	0	0	0	0	0	0	0	0	0	0	0	0	0	0	0	0	0	0	0	0	0	0	0	0	0	0	0	0	0	0	0	0	0	0	0	0	0	0	0	0	0	0	0	0	0	0	0	0	0	0	0	0	0	0	0	0	0	0	0	0	0	0	0	0	0	0	0	0	0	0	0	0	0	0	0	0	0	0	0	0	0	0	0	0	0	0	0	0	0	0	0	0	0	0	0	0	2	14	10	2	106	10	0	0	0	0	0	0	8	24	26	4	0	0	2	0	0	4	0	0	0	0	20	28	0	4	117	222	207	125	57	32	2	6	43	28	0	0	4	0	0	4	8	6	14	0	0	0	22	14	0	0	67	244	250	205	195	164	174	148	180	90	166	162	67	14	84	69	0	0	0	0	0	12	0	10	0	0	55	199	222	220	168	199	217	191	207	172	197	168	143	189	228	150	170	129	0	0	14	88	170	82	0	4	65	168	222	238	187	213	207	228	205	213	195	213	185	164	146	183	234	174	146	139	127	168	168	174	47	0	10	154	191	193	195	191	187	246	213	222	203	201	209	215	205	255	252	195	164	183	174	133	131	166	185	168	0	0	211	203	201	195	217	205	211	242	213	220	211	146	201	156	158	148	143	94	69	57	34	20	82	47	28	53	43	53	127	115	152	111	108	98	74	49	37	41	8	20	14	18	10	6	8	22	28	32	32	22	80	111	113	90	88	82	41	28	18	6	14	2	4	22	20	30	37	45	49	51	59	63	71	69	63	61	53	47	0	0	39	49	59	74	74	92	76	80	82	74	82	74	80	74	76	65	67	69	71	74	74	71	65	61	55	30	0	0	0	0	0	0	0	0	0	0	0	0	0	0	0	0	0	0	0	0	0	0	0	0	0	0	0	0	0	0	0	0	0	0	0	0	0	0	0	0	0	0	0	0	0	0	0	0	0	0	0	0	0	0	0	0	0	0	0	0	0	0	0	0	0	0	0	0	0	0	0	0	0	0	0	0	0	0	0	0	0	0	0	0	0	0	0	0	0	0	0	0	0	0	0	0	0	0	0	0	0	0	0	0	0	0	0	0	0	0	0	0	0	0	0	0	0	0	0	0	0	0	0	0	0	0	0	0	0	0	0	0	0	0	0	0	0	0	0	0	0	0	0	0	0	0	0	0	0	0	0	0	0	0	0	0	0	0	0	0	0	0	0	0	0	0	0	0	0	0	0	0	0	0	0	0	0	0	0	0	0	0	0	0	0	0	0	0	0	0	0	0	0	0	0	0	0	0	0	0	0	0	0	0	0	0	0	0	0	0	0	0	0	0	0	0	0	0	0	0	0	0	0	0	0	0	0	0	0	0	0	0	0	0	0	0	0	0	0	0	0	0	0	0	0	0	0	0	0	0	0	0
0	0	0	0	2	0	0	0	0	80	16	0	0	0	0	0	0	7	68	0	0	0	0	0	0	0	0	0	0	0	0	2	1	0	0	96	158	192	187	184	159	155	150	153	167	229	187	163	105	0	0	2	0	0	0	0	0	0	0	1	0	0	176	178	153	149	168	177	170	196	200	171	167	170	154	156	170	157	0	0	1	0	0	0	0	0	0	2	0	49	204	161	162	161	154	161	166	173	178	163	164	155	150	160	155	189	34	0	2	0	0	0	0	0	0	1	0	107	201	180	164	157	156	158	151	153	157	150	154	150	155	167	173	192	76	0	0	0	0	0	0	0	0	0	0	148	194	190	189	155	157	163	155	157	165	157	156	150	157	174	180	187	134	0	0	0	0	0	0	0	0	0	0	186	189	191	213	168	156	157	150	152	164	155	151	152	164	182	185	180	165	0	0	0	0	0	0	0	0	0	4	210	183	200	224	176	150	151	149	148	165	153	155	149	157	181	194	175	196	0	0	0	0	0	0	0	0	0	39	183	180	217	217	193	154	157	155	157	162	170	160	161	157	198	212	166	204	4	0	0	0	0	0	0	0	0	96	182	189	131	153	232	172	165	149	156	152	154	165	167	179	183	206	172	181	38	0	0	0	0	0	0	0	0	141	182	225	58	140	241	161	159	152	158	165	149	148	150	204	113	121	192	177	92	0	0	0	0	0	0	0	0	177	175	221	11	141	241	162	163	159	156	166	158	155	149	205	100	62	211	176	126	0	0	0	0	0	0	0	0	210	165	230	0	131	245	157	162	160	163	161	160	153	153	202	106	0	253	175	164	0	0	0	0	0	0	0	0	182	166	229	0	120	240	156	164	159	170	160	173	156	152	199	109	0	250	167	182	0	0	0	0	0	0	0	0	186	170	218	0	139	226	154	166	161	173	156	166	156	150	194	124	0	240	168	187	0	0	0	0	0	0	0	14	188	174	192	0	195	207	161	160	164	179	153	166	164	151	184	165	0	224	173	167	0	0	0	0	0	0	0	37	192	180	146	0	241	181	163	162	170	173	159	168	165	154	168	192	0	205	178	174	3	0	0	0	0	0	0	53	190	187	105	0	251	164	159	160	183	179	159	167	167	158	160	215	0	180	184	202	2	0	0	0	0	0	0	58	188	211	80	52	238	159	165	155	191	178	160	174	174	157	159	213	50	160	191	204	19	0	0	0	0	0	0	59	189	209	77	109	223	163	160	154	194	173	164	174	182	162	157	209	70	143	193	202	50	0	0	0	0	0	0	62	211	208	79	135	215	175	161	165	202	171	172	178	184	161	163	199	102	129	195	205	65	0	0	0	0	0	0	79	206	206	66	166	206	171	149	160	191	152	168	168	180	164	159	205	114	121	196	202	79	0	0	0	0	0	0	90	207	207	34	176	188	176	164	179	207	179	187	182	190	180	167	182	128	110	196	203	87	0	0	0	0	0	0	92	189	198	63	255	199	177	168	159	167	102	112	141	167	217	178	230	194	116	194	188	89	0	0	0	0	0	0	98	191	183	79	100	41	0	0	0	0	0	0	0	0	0	0	12	0	115	197	188	93	0	0	0	0	0	0	109	190	194	56	0	0	0	0	0	0	1	1	0	0	0	0	0	0	119	198	189	88	0	0	0	0	0	0	147	205	182	105	0	6	0	1	0	0	0	0	0	0	2	2	4	0	128	200	204	132	0	0	0	0	0	0	36	57	0	0	0	1	1	0	0	0	0	0	0	0	0	0	1	0	0	1	71	49	0	0	0
0	0	0	0	0	0	0	0	0	0	0	0	0	0	0	0	0	0	0	0	0	0	0	0	0	0	0	0	0	0	0	0	0	0	0	0	0	0	0	0	0	0	0	0	0	0	0	0	0	0	0	0	0	0	0	0	0	0	0	0	0	0	0	0	0	0	0	0	0	0	0	0	0	0	0	0	0	0	0	0	0	0	0	0	0	0	0	0	0	0	0	0	0	0	0	0	0	0	0	0	0	0	0	0	0	0	0	0	0	0	0	0	0	0	0	0	0	0	0	0	0	0	0	0	0	0	0	0	0	0	0	0	0	0	0	0	0	0	0	0	0	0	0	0	0	0	0	0	0	0	0	0	0	0	0	0	0	0	0	0	0	0	0	0	0	0	0	0	0	0	0	0	0	0	0	0	0	0	0	0	0	0	0	0	0	0	0	0	0	0	0	0	0	0	0	0	0	0	0	0	0	0	0	0	0	0	0	0	0	0	0	0	0	0	0	0	0	0	0	0	0	0	0	0	0	0	0	0	0	0	0	0	0	0	0	0	4	0	0	2	85	119	0	0	0	0	0	0	0	10	0	0	0	0	0	0	0	0	0	0	0	2	0	0	0	0	97	255	187	250	34	0	2	0	0	0	85	182	17	0	0	0	0	0	0	0	0	0	0	0	0	68	182	189	195	206	161	189	68	0	0	0	0	6	146	201	93	0	0	0	2	2	2	0	0	0	4	82	163	184	184	159	172	193	182	208	208	150	74	110	155	184	174	201	172	0	0	0	0	0	0	0	0	108	174	159	165	131	195	218	133	159	248	197	206	221	197	191	155	99	91	131	197	2	0	0	2	42	76	99	153	189	170	170	212	78	131	225	82	21	138	150	133	108	119	99	108	138	184	195	238	38	17	82	140	159	133	150	140	131	127	157	189	65	46	59	148	165	74	136	99	104	125	174	208	206	221	218	195	42	74	157	127	131	144	153	146	138	146	197	55	61	78	201	250	129	95	131	244	216	223	233	208	210	216	212	248	59	14	72	131	161	165	172	182	174	204	106	51	233	140	74	102	157	206	78	133	176	133	127	125	110	91	76	89	25	34	36	17	40	53	72	93	106	114	34	125	140	108	61	59	76	29	42	38	21	23	36	46	46	48	48	76	36	6	40	46	53	48	46	42	36	27	65	53	40	55	72	76	63	70	68	70	76	82	74	78	82	85	85	85	44	0	0	0	6	10	12	25	44	53	38	38	51	59	46	53	46	36	42	36	36	36	31	34	25	19	21	8	0	0	0	0	0	0	0	0	0	0	0	0	0	0	0	0	0	0	0	0	0	0	0	0	0	0	0	0	0	0	0	0	0	0	0	0	0	0	0	0	0	0	0	0	0	0	0	0	0	0	0	0	0	0	0	0	0	0	0	0	0	0	0	0	0	0	0	0	0	0	0	0	0	0	0	0	0	0	0	0	0	0	0	0	0	0	0	0	0	0	0	0	0	0	0	0	0	0	0	0	0	0	0	0	0	0	0	0	0	0	0	0	0	0	0	0	0	0	0	0	0	0	0	0	0	0	0	0	0	0	0	0	0	0	0	0	0	0	0	0	0	0	0	0	0	0	0	0	0	0	0	0	0	0	0	0	0	0	0	0	0	0	0	0	0	0	0	0	0	0	0	0	0	0	0	0	0	0	0	0	0	0	0	0	0	0	0	0	0	0	0	0	0	0	0	0	0	0	0	0	0	0	0	0	0	0	0	0	0	0	0	0	0	0	0	0	0	0	0	0	0	0	0	0	0
0	0	0	0	0	0	0	0	0	30	24	123	155	48	12	63	162	87	16	2	0	0	0	0	0	0	0	0	0	0	0	0	0	0	27	70	90	102	78	70	178	238	250	255	162	62	94	92	76	42	0	0	0	0	0	0	0	0	0	0	0	62	101	81	62	60	56	47	33	81	128	78	22	48	59	65	77	97	84	0	0	0	0	0	0	0	1	0	27	87	55	58	63	63	60	60	55	29	15	30	55	60	63	63	59	52	91	49	0	0	0	0	0	0	0	0	67	70	63	60	58	62	62	60	60	63	66	63	58	62	63	63	65	59	73	80	0	0	0	0	0	0	0	11	85	66	72	55	58	58	59	60	60	59	59	59	58	59	60	63	63	59	67	88	29	0	0	0	0	0	0	45	85	80	87	60	66	56	56	59	59	60	60	60	60	59	60	63	63	73	85	74	63	0	0	0	0	0	0	76	73	94	83	58	59	55	58	58	63	62	62	62	60	59	60	60	59	74	84	70	74	0	0	0	0	0	0	88	62	85	91	77	60	65	60	62	65	62	62	63	62	65	66	67	58	72	94	58	83	11	0	0	0	0	27	90	58	72	126	135	49	74	66	66	65	67	67	67	69	70	78	78	80	121	120	59	85	29	0	0	0	0	77	98	76	58	130	131	47	81	67	66	60	65	63	67	69	65	63	58	128	159	92	59	81	65	0	0	0	0	6	44	83	83	159	109	36	77	62	67	66	67	63	67	63	77	66	34	121	195	88	87	84	54	0	0	0	0	0	0	0	11	77	22	62	70	62	67	67	67	63	66	62	76	69	60	58	85	27	4	0	0	0	0	0	0	0	0	0	0	0	0	83	67	63	66	67	66	63	66	62	72	69	69	42	0	0	0	0	0	0	0	0	0	0	0	1	5	0	0	78	63	65	65	67	69	67	69	67	63	84	66	52	0	1	1	1	0	0	0	0	0	0	0	0	0	0	0	74	62	70	66	66	67	66	67	70	65	78	76	47	0	0	0	0	0	0	0	0	0	0	0	0	0	0	0	67	65	70	66	65	66	66	67	70	62	72	85	44	0	0	0	0	0	0	0	0	0	0	0	0	0	0	0	67	69	66	66	66	66	66	67	70	66	63	90	44	0	0	0	0	0	0	0	0	0	0	0	0	0	0	0	70	73	65	66	65	65	66	67	67	72	59	81	55	0	0	0	0	0	0	0	0	0	0	0	0	1	0	0	72	73	59	67	63	69	69	69	67	73	65	73	58	0	0	0	0	0	0	0	0	0	0	0	0	1	0	0	73	70	59	67	63	69	67	67	66	70	67	72	55	0	0	0	0	0	0	0	0	0	0	0	0	0	0	0	76	67	63	67	65	69	69	69	69	67	66	70	54	0	0	0	0	0	0	0	0	0	0	0	0	0	0	0	81	65	66	66	66	69	69	69	69	66	69	69	49	0	0	0	0	0	0	0	0	0	0	0	0	0	0	0	78	66	66	67	67	67	67	67	67	66	67	67	52	0	0	0	0	0	0	0	0	0	0	0	0	0	0	0	73	66	66	67	67	67	69	67	69	67	65	69	55	0	0	0	0	0	0	0	0	0	0	0	0	0	0	0	72	66	65	66	67	66	66	66	66	66	65	69	55	0	0	0	0	0	0	0	0	0	0	0	0	0	0	0	74	62	62	63	65	67	69	67	69	65	62	69	56	0	0	0	0	0	0	0	0	0	0	0	0	0	0	4	70	72	67	67	66	66	65	65	66	67	67	74	58	0	0	0	0	0	0	0
0	0	0	0	0	0	0	0	0	0	42	0	0	0	0	0	0	37	2	0	0	0	0	0	0	0	0	0	0	0	0	0	0	0	2	111	201	223	245	244	146	85	96	122	193	239	231	208	119	0	0	0	0	0	0	0	0	0	0	0	0	90	231	254	250	240	234	242	255	239	244	255	250	236	239	249	254	229	89	0	0	0	0	0	0	0	1	0	10	233	239	228	232	232	231	231	228	232	232	232	233	233	231	229	230	235	249	66	0	1	0	0	0	0	0	0	154	244	228	235	235	253	255	255	255	244	240	255	255	255	255	255	234	229	240	200	0	0	0	0	0	0	0	0	239	243	234	231	248	202	130	79	33	52	71	55	75	57	129	201	245	233	232	236	3	0	0	0	0	0	0	35	242	233	242	222	255	103	0	3	106	119	148	144	159	106	9	0	199	238	230	249	65	0	0	0	0	0	0	130	254	230	246	231	255	139	1	176	120	39	32	118	54	160	177	0	247	238	231	251	132	0	0	0	0	0	0	227	243	231	241	241	255	90	123	117	45	27	0	5	112	153	140	65	248	243	232	242	189	0	0	0	0	0	0	224	230	236	237	245	255	100	125	48	121	70	166	213	93	89	105	34	234	248	230	236	205	0	0	0	0	0	76	254	246	233	235	250	245	80	98	49	191	155	200	132	156	103	71	44	242	244	228	235	242	22	0	0	0	0	0	92	199	255	255	222	254	110	133	158	139	7	53	105	101	104	73	164	232	243	248	224	214	32	0	0	0	0	0	0	0	3	23	169	255	184	147	166	149	75	94	139	98	85	102	209	190	49	49	0	0	0	0	0	0	0	2	2	0	0	0	161	255	193	113	150	114	125	77	117	100	120	29	174	244	0	0	0	0	3	0	0	0	0	0	0	0	3	0	127	255	161	0	179	180	103	66	173	161	169	0	147	234	0	1	1	0	0	0	0	0	0	0	0	0	2	0	100	255	120	0	170	56	97	153	133	33	98	20	138	211	0	0	0	0	0	0	0	0	0	0	0	0	3	0	108	255	156	30	12	2	14	40	0	0	0	0	198	184	0	0	0	0	0	0	0	0	0	0	0	0	3	0	111	249	213	241	249	255	255	255	255	255	227	191	232	175	0	0	0	0	0	0	0	0	0	0	0	0	3	0	108	252	233	238	240	234	235	236	238	233	239	238	247	192	0	0	0	0	0	0	0	0	0	0	0	0	2	0	114	248	229	230	233	230	228	236	232	232	226	224	242	208	0	0	0	0	0	0	0	0	0	0	0	0	2	0	129	249	229	234	232	233	233	235	236	230	232	227	241	211	0	0	0	0	0	0	0	0	0	0	0	0	2	0	132	251	228	234	233	233	233	236	236	232	231	223	240	221	0	0	0	0	0	0	0	0	0	0	0	0	2	0	128	248	228	233	233	232	232	236	235	231	230	223	236	243	0	0	1	0	0	0	0	0	0	0	0	0	3	0	109	250	229	235	232	235	233	236	237	233	230	224	237	242	0	0	1	0	0	0	0	0	0	0	0	0	9	0	90	248	228	234	235	236	234	237	239	235	235	230	234	198	0	0	1	0	0	0	0	0	0	0	0	0	9	0	110	255	225	232	228	227	230	232	231	230	229	226	234	209	0	0	1	0	0	0	0	0	0	0	0	0	5	0	67	225	240	255	255	255	255	255	255	255	255	242	241	197	0	2	0	0	0	0	0	0	0	0	0	0	1	0	0	0	36	84	113	151	175	167	152	126	102	73	8	0	0	1	0	0	0	0	0
0	0	0	0	0	1	0	0	0	5	80	119	79	0	68	125	141	32	0	0	0	2	0	0	0	0	0	0	0	0	0	0	0	0	0	32	82	204	158	151	144	139	218	147	102	110	105	64	0	0	1	0	0	0	0	0	0	0	0	0	0	0	125	173	99	113	124	81	118	74	70	60	59	55	81	101	120	9	0	0	0	0	0	0	0	0	0	0	0	14	123	150	122	149	95	79	193	89	99	97	89	78	81	91	125	30	0	0	0	0	0	0	0	0	0	0	0	35	131	100	222	117	126	215	139	112	93	101	91	74	100	78	108	72	0	0	0	0	0	0	0	0	0	0	0	61	96	63	96	96	91	163	216	41	72	82	94	85	107	106	105	75	0	0	0	0	0	0	0	0	0	0	0	58	99	66	89	142	115	88	70	94	87	68	71	92	71	98	59	62	0	0	0	0	0	0	0	0	0	0	0	47	90	70	29	115	91	84	65	73	82	81	73	91	24	114	131	112	0	0	0	0	0	0	0	0	0	0	0	50	110	86	13	105	84	91	101	126	132	128	126	127	15	57	100	94	0	0	0	0	0	0	0	0	0	0	0	68	102	71	0	121	100	78	82	69	63	68	80	119	1	48	90	94	10	0	0	0	0	0	0	0	0	0	0	56	108	81	0	117	109	103	81	67	106	96	75	126	0	38	99	96	20	0	0	0	0	0	0	0	0	0	0	47	78	59	1	99	100	93	95	82	59	68	87	112	6	29	116	71	25	0	0	0	0	0	0	0	0	0	0	64	114	70	5	93	85	66	40	56	67	54	57	78	0	18	147	97	36	0	0	0	0	0	0	0	0	0	0	98	135	71	13	136	129	134	106	110	106	110	99	171	68	0	126	88	34	0	0	0	0	0	0	0	0	0	0	64	104	69	17	74	22	43	48	30	23	28	35	85	49	0	108	102	50	0	0	0	0	0	0	0	0	0	0	75	114	48	145	211	135	155	187	177	145	154	163	162	215	34	101	115	55	0	0	0	0	0	0	0	0	0	0	64	81	39	221	222	227	225	230	226	248	251	225	226	229	184	95	63	40	0	0	0	0	0	0	0	0	0	0	67	55	123	223	205	216	201	224	206	208	212	210	212	216	217	171	109	87	0	0	0	0	0	0	0	0	0	0	96	104	205	217	208	225	207	238	212	218	223	215	218	217	225	159	69	82	0	0	0	0	0	0	0	0	0	0	0	0	211	217	209	225	209	241	208	221	226	213	225	209	228	176	0	0	0	0	0	0	0	0	0	0	0	0	0	0	245	213	212	228	212	243	202	226	226	210	232	217	216	251	0	0	0	0	0	0	0	0	0	0	0	0	0	50	227	207	214	230	215	245	199	232	227	210	228	231	210	230	60	0	0	0	0	0	0	0	0	0	0	0	0	94	228	206	216	230	220	244	197	236	232	209	225	240	209	231	140	0	0	0	0	0	0	0	0	0	0	0	0	149	224	209	220	227	226	238	198	235	238	207	217	240	216	222	203	0	0	0	0	0	0	0	0	0	0	0	0	154	221	209	220	225	233	236	199	236	243	207	213	234	221	213	193	0	0	0	0	0	0	0	0	0	0	0	0	185	237	219	221	222	230	224	197	227	235	211	211	232	229	220	223	15	0	0	0	0	0	0	0	0	0	0	0	123	162	204	249	255	241	255	254	255	255	251	255	255	246	176	140	0	0	0	0	0	0	0	0	0	0	0	0	0	0	0	0	6	73	79	68	29	95	168	57	0	0	0	0	0	0	0	0	0	0
0	0	0	0	0	0	0	0	0	0	0	0	0	0	0	0	0	0	0	0	0	0	0	0	0	0	0	0	0	0	0	0	0	0	0	0	0	0	0	0	0	0	0	0	0	0	0	0	0	0	0	0	0	0	0	0	0	0	0	0	0	0	0	0	0	0	0	0	0	0	0	0	0	0	0	0	0	0	0	0	0	0	0	0	0	0	0	0	0	0	0	0	0	0	0	0	0	0	0	0	0	0	0	0	0	0	0	0	0	0	0	0	0	0	0	0	0	0	0	0	0	0	0	1	27	6	0	0	0	4	4	2	1	0	1	0	0	0	0	0	0	0	0	0	0	0	0	0	0	2	0	2	107	85	53	13	0	0	0	0	1	2	0	0	85	62	0	1	0	0	0	0	0	0	0	0	1	1	0	42	59	110	162	188	162	124	55	0	0	0	0	74	115	118	5	0	0	0	0	0	0	1	0	0	0	0	71	33	73	119	175	204	199	219	202	176	143	48	30	124	99	73	0	0	0	0	0	0	0	0	1	0	0	11	151	8	169	0	60	155	164	192	194	206	224	179	81	95	132	0	0	1	0	0	0	0	0	0	5	0	27	186	153	79	144	129	88	46	60	113	148	162	194	140	95	157	48	0	8	1	0	0	0	0	1	0	2	0	46	159	181	175	126	108	133	157	30	0	24	130	157	95	125	122	0	1	0	0	0	0	0	0	1	1	1	0	45	141	184	164	187	157	161	110	81	44	0	0	102	110	143	46	0	0	1	22	0	2	0	0	0	2	0	8	62	136	197	188	209	201	219	250	184	140	59	0	107	146	114	1	6	66	115	129	1	1	0	1	1	0	0	0	28	133	159	186	194	197	228	248	241	235	210	162	108	128	85	86	136	166	179	148	0	0	0	1	2	2	4	0	74	166	172	154	122	78	67	128	220	238	254	169	78	119	204	186	177	162	175	129	2	1	0	0	4	5	0	0	104	177	147	119	0	0	0	0	51	102	161	124	126	181	79	177	151	150	173	119	0	2	2	0	6	0	46	88	97	186	153	106	195	60	0	2	0	31	155	186	170	0	0	191	162	164	187	103	1	0	0	0	0	27	146	51	0	133	215	150	84	191	64	0	62	183	186	102	0	0	15	199	158	159	186	89	0	0	0	6	175	153	132	67	0	0	96	204	147	95	130	68	154	197	48	0	0	0	5	201	159	158	184	66	4	4	0	0	166	157	153	143	0	0	0	16	252	148	82	135	204	28	0	2	8	0	13	205	162	161	186	45	0	0	0	0	108	162	169	121	0	0	0	0	106	219	128	164	62	0	5	1	4	0	17	208	165	161	188	37	33	23	8	0	19	136	180	144	2	0	0	0	27	206	223	63	0	1	0	0	4	0	19	205	158	159	186	27	117	164	173	177	172	190	213	183	103	73	92	132	208	192	57	0	0	1	0	0	5	0	23	184	165	170	198	24	0	0	4	37	52	73	133	184	183	197	180	165	136	11	0	2	1	1	0	0	4	0	27	187	154	150	154	0	0	0	0	0	0	0	0	0	0	0	0	0	0	0	0	0	0	0	0	0	0	0	0	0	0	0	0	0	0	0	0	0	0	0	0	0	0	0	0	0	0	0	0	0	0	0	0	0	0	0	0	0	0	0	0	0	0	0	0	0	0	0	0	0	0	0	0	0	0	0	0	0	0	0	0	0	0	0	0	0	0	0	0	0	0	0	0	0	0	0	0	0	0	0	0	0	0	0	0	0	0	0	0	0	0	0	0	0	0	0	0	0
0	0	1	0	0	0	0	63	156	178	47	124	127	89	58	57	97	142	59	160	56	9	0	0	0	0	0	0	0	0	0	0	0	64	73	129	124	137	9	202	51	0	32	20	171	170	49	195	98	148	85	26	0	5	0	0	0	0	0	0	67	201	70	56	105	71	159	209	147	0	0	148	176	55	155	122	166	150	130	126	0	0	0	0	0	0	0	0	204	234	126	190	164	164	190	184	226	32	0	133	105	124	202	149	106	189	147	134	106	0	0	0	0	0	0	4	134	120	96	113	229	90	116	137	111	218	178	60	85	68	206	255	88	159	110	174	159	0	0	0	0	0	0	114	117	117	151	125	138	93	155	121	83	99	183	132	85	56	147	128	91	166	122	87	107	95	0	0	0	0	0	130	129	103	149	110	150	126	78	79	43	72	136	102	44	147	161	42	127	181	111	86	142	157	0	0	0	0	53	142	132	136	106	103	210	124	178	221	63	160	121	112	143	168	113	71	195	180	72	143	101	173	156	0	0	0	62	82	112	156	160	103	160	47	99	101	90	128	78	107	44	95	65	228	109	114	213	118	144	113	65	0	0	0	0	1	67	119	148	0	143	74	122	165	49	104	56	121	109	78	65	107	80	0	134	51	3	0	0	0	0	0	0	0	0	0	0	0	124	120	124	74	60	95	145	107	106	237	85	133	136	0	0	0	0	0	2	0	0	0	0	2	4	1	0	0	60	170	127	95	112	70	151	0	233	195	166	134	95	0	0	1	5	0	0	0	0	0	0	0	0	0	0	0	80	116	78	72	106	111	137	132	81	107	142	116	94	0	0	0	0	0	0	0	0	0	0	0	0	1	3	0	148	119	25	34	63	226	112	120	112	76	65	161	191	0	0	0	0	0	0	0	0	0	0	0	0	0	0	0	135	186	126	39	175	41	129	98	155	119	118	127	148	0	0	0	0	0	0	0	0	0	0	0	0	0	0	0	112	104	157	147	81	117	99	125	62	122	147	91	67	0	0	0	0	0	0	0	0	0	0	0	0	2	0	0	99	137	66	118	180	236	122	155	125	130	106	129	186	0	0	1	0	0	0	0	0	0	0	0	0	0	0	0	159	57	70	97	144	179	99	17	91	116	180	127	168	41	0	2	0	0	0	0	0	0	0	0	0	2	0	0	147	163	83	45	119	71	150	79	111	72	82	125	145	51	0	0	0	0	0	0	0	0	0	0	0	3	0	19	165	155	111	73	212	73	81	95	55	88	128	253	150	135	0	0	0	0	0	0	0	0	0	0	0	2	0	134	134	142	85	137	113	170	133	145	116	74	52	194	138	117	0	0	0	0	0	0	0	0	0	0	0	0	0	106	152	83	121	144	120	88	112	124	106	76	94	151	97	166	12	0	2	0	0	0	0	0	0	0	0	0	0	110	125	153	103	90	70	44	67	197	80	24	157	97	96	170	36	0	4	0	0	0	0	0	0	0	0	0	0	67	153	189	125	97	144	70	176	133	81	148	152	60	82	180	25	0	3	0	0	0	0	0	0	0	1	0	0	152	170	152	58	186	145	89	166	137	112	142	79	161	155	133	55	0	3	0	0	0	0	0	0	0	1	0	5	148	117	161	52	79	116	103	111	79	82	81	58	148	51	135	63	0	4	0	0	0	0	0	0	0	0	0	19	160	128	145	104	173	156	75	129	150	184	137	132	64	167	148	183	0	5	0	0	0	0	0	0	0	0	0	0	64	28	114	170	95	90	106	133	160	32	207	190	127	72	25	26	0	1	0	0	0
0	0	0	0	0	0	1	0	0	0	63	159	82	50	53	56	142	69	0	0	0	0	0	0	0	0	0	0	0	0	0	0	0	0	0	0	19	25	50	186	168	178	173	172	201	66	24	21	0	0	0	0	0	0	0	0	0	0	0	0	0	0	12	42	47	56	38	43	149	183	178	136	32	25	51	50	43	17	0	0	0	0	0	0	0	0	0	0	0	105	64	64	71	63	64	55	45	53	45	37	53	63	63	64	71	69	68	1	0	0	0	0	0	0	0	0	118	164	149	61	77	77	81	86	82	81	86	87	77	74	76	84	89	108	118	53	0	0	0	0	0	0	0	0	191	164	173	149	64	86	81	81	77	76	82	82	68	64	77	95	120	113	116	108	0	0	0	0	0	0	0	6	204	165	177	214	121	89	84	77	71	69	79	81	71	76	74	76	113	152	128	115	4	0	0	0	0	0	0	48	201	134	207	206	136	94	79	82	79	81	89	87	76	73	77	77	95	162	116	107	27	0	0	0	0	0	0	79	190	121	227	232	123	147	118	112	105	103	110	113	94	81	81	55	138	178	110	107	68	0	0	0	0	0	0	55	146	97	243	255	147	183	138	139	125	108	113	133	128	97	89	71	164	199	108	99	58	0	0	0	0	0	0	0	0	0	27	141	173	155	118	141	121	108	113	112	116	105	97	108	60	38	8	0	0	0	0	0	0	0	0	0	0	0	0	116	196	142	123	138	121	102	115	107	110	94	84	115	42	0	0	0	0	0	0	0	0	0	0	0	0	1	0	121	199	131	118	133	118	103	113	99	108	97	77	118	50	0	1	0	0	0	0	0	0	0	0	0	0	1	0	110	170	123	120	149	113	99	112	100	112	100	77	120	48	0	3	0	0	0	0	0	0	0	0	0	0	1	0	102	165	115	120	157	108	100	108	94	102	100	71	115	43	0	3	0	0	0	0	0	0	0	0	0	0	1	0	89	186	108	129	152	102	110	116	97	102	99	73	108	42	0	3	0	0	0	0	0	0	0	0	0	0	1	0	82	181	103	151	141	100	112	120	100	105	100	81	107	45	0	3	0	0	0	0	0	0	0	0	0	0	1	0	82	170	108	162	131	103	112	121	100	99	102	79	107	43	0	3	0	0	0	0	0	0	0	0	0	0	1	0	82	164	123	159	121	99	112	123	102	94	102	77	105	43	0	3	0	0	0	0	0	0	0	0	0	0	1	0	84	157	134	144	123	102	115	120	110	92	105	79	107	43	0	3	0	0	0	0	0	0	0	0	0	0	3	0	77	151	155	123	125	92	123	126	121	89	108	86	110	43	0	3	0	0	0	0	0	0	0	0	0	0	1	0	73	147	154	116	118	89	125	125	126	94	100	95	100	43	0	3	0	0	0	0	0	0	0	0	0	0	1	0	64	160	129	123	118	94	121	118	134	99	95	107	102	48	0	3	0	0	0	0	0	0	0	0	0	0	1	0	71	168	95	133	120	95	120	112	144	102	87	103	108	43	0	3	0	0	0	0	0	0	0	0	0	0	3	0	100	173	90	149	128	108	125	110	136	107	99	103	121	40	0	3	0	0	0	0	0	0	0	0	0	0	1	0	81	125	112	138	139	108	120	110	131	112	97	87	123	48	0	4	0	0	0	0	0	0	0	0	0	0	4	0	60	164	146	139	154	133	131	121	154	126	121	110	129	56	0	4	0	0	0	0	0	0	0	0	0	0	1	0	30	113	103	87	79	77	86	64	77	82	86	73	77	22	0	3	0	0	0	0	0
0	0	1	1	0	0	0	0	36	126	87	95	75	73	72	85	77	142	103	0	0	0	0	0	0	0	0	0	0	0	1	1	0	0	0	0	114	118	64	81	109	93	95	103	142	114	136	1	0	0	0	0	0	0	0	0	0	0	1	0	0	0	0	0	126	118	109	95	85	42	87	155	99	44	128	75	0	0	0	0	0	0	0	0	0	0	0	0	0	0	35	126	124	87	79	120	95	120	173	105	87	95	101	126	87	15	0	0	0	1	0	0	0	0	0	0	36	112	120	93	97	73	54	72	145	255	144	66	73	77	107	95	110	142	87	0	0	0	0	0	0	0	0	44	124	95	87	52	70	93	87	42	114	151	77	116	83	103	120	110	101	109	120	107	0	0	0	0	0	0	3	105	81	91	101	93	97	95	103	91	116	114	70	93	105	89	54	87	101	73	75	126	60	0	0	0	0	0	52	120	89	70	56	75	79	52	81	89	124	122	83	110	112	101	87	105	109	95	72	95	116	0	0	0	0	0	91	110	101	93	79	91	99	91	99	77	112	136	103	89	54	81	99	73	79	103	85	87	140	9	0	0	0	0	103	97	89	81	99	79	62	81	83	50	85	118	89	85	62	81	93	54	77	93	112	97	107	25	0	0	0	0	116	89	140	64	77	75	68	85	85	73	99	114	58	81	91	83	72	95	101	101	89	75	120	40	0	0	0	0	114	64	99	130	75	87	91	64	68	79	83	109	46	62	93	66	42	103	75	77	101	81	124	54	0	0	0	13	138	87	73	157	68	89	97	60	72	79	83	95	75	81	79	85	97	105	83	99	105	42	101	77	0	0	0	19	142	56	70	171	68	101	109	93	91	68	83	95	70	73	35	75	87	66	87	120	110	75	107	95	0	0	0	29	140	58	48	151	89	97	58	85	75	58	72	97	77	83	64	81	79	70	81	145	91	83	83	97	0	0	0	31	120	89	58	124	112	118	73	87	81	81	81	99	64	72	89	68	77	99	77	153	62	99	85	101	0	0	0	38	97	85	40	75	142	126	97	72	73	85	79	103	44	66	89	46	60	97	42	138	132	89	93	114	0	0	0	46	126	89	48	77	120	130	95	72	66	87	81	97	73	85	83	83	83	109	87	110	134	54	83	112	0	0	0	44	114	54	56	128	109	124	112	91	79	79	72	99	77	66	29	70	79	87	85	81	159	75	85	122	15	0	0	58	134	48	42	169	116	105	79	79	83	62	72	107	75	83	54	87	91	85	99	66	87	107	73	89	25	0	0	62	112	79	52	175	105	109	83	89	95	87	81	101	66	75	83	89	70	101	105	66	85	112	77	101	38	0	0	60	93	72	48	161	118	114	114	83	64	107	81	116	52	54	91	66	50	91	99	56	112	97	85	112	40	0	0	68	122	85	50	184	138	97	97	83	70	110	79	109	87	85	85	89	91	97	122	58	107	79	73	103	46	0	0	72	130	72	27	192	142	107	112	103	122	89	62	114	79	75	35	81	95	52	103	62	118	110	91	112	56	0	0	81	134	93	52	181	142	107	85	85	136	66	60	124	91	91	70	93	103	87	112	62	101	122	58	73	68	0	0	79	103	83	60	173	144	99	97	105	118	81	72	134	68	66	93	56	72	93	95	75	116	114	70	89	70	0	0	110	142	101	110	163	173	136	144	153	120	124	99	151	97	81	114	101	105	122	132	93	147	140	93	120	87	0	0	64	116	66	73	33	3	31	50	48	27	35	33	38	42	40	31	40	40	33	27	0	48	87	79	83	35	0
0	0	0	0	0	0	0	0	0	0	0	0	0	0	0	0	0	0	0	0	0	0	0	0	0	0	0	0	0	0	0	0	0	0	0	0	0	0	0	0	0	0	0	0	0	0	0	0	0	0	0	0	0	0	0	0	0	0	0	0	0	0	0	0	0	0	0	0	0	0	0	0	0	0	0	0	0	0	0	0	0	0	0	0	0	0	0	0	0	0	0	0	0	0	0	0	0	0	0	0	0	0	0	0	0	0	0	0	0	0	0	0	0	0	0	0	0	0	0	0	0	0	0	0	0	0	0	0	0	12	19	0	0	0	0	0	0	0	0	0	0	0	0	0	0	0	0	0	0	1	0	0	0	0	4	0	16	185	243	209	214	211	221	207	189	152	89	0	0	0	0	0	0	0	0	0	0	1	0	0	0	0	0	0	233	178	144	182	212	207	205	209	212	224	228	0	0	0	0	0	0	0	0	0	0	0	0	0	0	0	0	74	208	100	150	123	164	200	222	203	192	208	89	0	0	0	0	0	0	0	0	0	0	0	0	0	1	0	0	191	166	105	187	194	176	65	195	224	214	213	34	0	0	0	0	0	0	0	0	0	0	0	0	0	0	0	46	208	156	142	197	200	145	135	222	137	182	255	16	0	0	0	0	0	0	0	0	0	0	0	0	2	0	0	153	204	222	130	152	208	147	177	163	112	102	214	52	0	0	0	1	0	0	0	0	0	0	0	1	1	0	51	238	178	182	240	228	231	252	235	178	160	123	180	124	0	0	0	0	0	0	0	0	0	0	0	3	0	26	224	184	169	192	193	200	205	209	204	239	233	222	222	167	0	0	1	0	0	0	0	0	0	0	0	4	0	74	227	172	206	200	198	196	208	212	202	183	192	194	187	206	0	0	0	0	0	0	0	0	0	0	0	0	0	179	188	190	198	196	191	197	205	201	190	196	190	198	182	225	33	0	0	0	3	3	6	2	0	0	0	55	168	204	192	200	195	203	195	212	202	183	193	192	188	195	183	234	64	0	4	0	0	0	0	0	0	29	145	214	174	170	198	201	200	199	197	212	192	193	174	182	201	204	196	243	75	0	0	0	0	7	19	41	131	216	186	168	178	182	188	194	190	191	186	180	189	180	207	224	225	221	208	239	73	0	36	171	175	185	191	203	202	174	182	188	177	189	195	197	201	202	190	190	238	254	236	215	204	205	200	220	55	15	177	192	183	183	181	177	187	188	191	191	196	191	194	205	193	207	224	255	223	75	195	219	203	212	215	231	49	97	214	207	206	193	193	187	180	177	187	189	191	195	194	195	215	229	203	49	0	0	211	222	208	212	213	226	38	0	59	160	186	208	216	219	215	212	212	209	210	214	221	230	232	80	0	0	0	0	217	223	210	220	219	206	49	0	0	0	0	13	54	114	155	179	203	216	213	199	160	48	0	0	0	1	0	0	191	202	189	228	212	207	46	0	0	0	0	0	0	0	0	0	0	0	0	0	0	0	0	3	0	0	0	0	0	0	0	0	0	0	0	0	0	0	0	0	0	0	0	0	0	0	0	0	0	0	0	0	0	0	0	0	0	0	0	0	0	0	0	0	0	0	0	0	0	0	0	0	0	0	0	0	0	0	0	0	0	0	0	0	0	0	0	0	0	0	0	0	0	0	0	0	0	0	0	0	0	0	0	0	0	0	0	0	0	0	0	0	0	0	0	0	0	0	0	0	0	0	0	0	0	0	0	0	0	0	0	0	0	0	0	0	0	0	0	0	0	0	0	0	0	0	0
0	0	0	0	0	0	0	0	0	1	195	0	0	1	1	0	0	120	27	0	2	0	0	0	0	0	0	0	0	0	0	0	0	0	0	0	0	0	185	0	0	0	0	0	0	128	0	0	2	0	0	0	0	0	0	0	0	0	0	0	0	0	0	0	0	87	221	192	181	153	153	130	141	181	137	63	0	0	0	0	0	0	0	0	0	0	0	0	0	0	0	0	148	253	238	203	207	196	227	207	178	145	177	195	29	0	0	0	0	0	0	0	0	0	0	0	0	0	0	0	198	255	225	198	207	191	213	212	167	182	184	207	138	0	0	0	0	0	0	0	0	0	0	0	0	0	0	0	235	243	230	214	221	214	212	236	198	209	155	199	178	0	0	0	0	0	0	0	0	0	0	0	0	0	0	0	0	0	195	223	198	205	206	202	202	243	12	0	18	0	0	0	0	0	0	0	0	0	0	0	0	0	0	0	0	0	160	232	200	202	205	206	196	242	80	0	0	0	0	0	0	0	0	0	0	0	0	0	0	0	0	0	2	0	194	225	198	205	202	200	202	212	123	0	1	0	0	0	0	0	0	0	0	0	0	0	0	0	0	0	0	0	217	217	206	207	200	205	206	200	207	0	0	0	0	0	0	0	0	0	0	0	0	0	0	0	0	0	0	19	228	213	210	209	199	210	214	192	192	26	0	0	0	0	0	0	0	0	0	0	0	0	0	0	0	0	0	83	235	209	214	207	203	198	209	191	199	83	0	0	0	0	0	0	0	0	0	0	0	0	0	0	0	0	0	131	232	207	212	209	205	205	210	194	203	117	0	0	0	0	0	0	0	0	0	0	0	0	0	0	0	0	0	159	231	209	210	207	206	203	210	196	207	146	0	0	0	0	0	0	0	0	0	0	0	0	0	0	0	0	0	189	230	209	210	207	205	203	207	200	207	170	0	0	0	0	0	0	0	0	0	0	0	0	0	0	0	0	0	203	230	209	210	209	207	203	206	203	207	182	0	0	0	0	0	0	0	0	0	0	0	0	0	0	0	0	0	205	227	207	210	210	209	203	206	205	207	178	0	0	0	0	0	0	0	0	0	0	0	0	0	0	0	0	0	217	225	209	210	209	207	203	206	207	209	171	0	0	0	0	0	0	0	0	0	0	0	0	0	0	0	0	0	217	224	209	210	210	209	202	206	206	212	164	0	0	0	0	0	0	0	0	0	0	0	0	0	0	0	0	0	209	221	209	210	210	206	200	205	203	213	159	0	0	0	0	0	0	0	0	0	0	0	0	0	0	0	0	0	207	221	210	212	213	213	212	213	206	218	162	0	0	0	0	0	0	0	0	0	0	0	0	0	0	0	0	0	209	223	212	214	213	213	213	212	206	217	160	0	0	0	0	0	0	0	0	0	0	0	0	0	0	0	0	0	207	223	212	214	214	214	213	213	205	214	164	0	0	0	0	0	0	0	0	0	0	0	0	0	0	0	0	0	202	221	212	213	214	214	212	213	206	216	164	0	0	0	0	0	0	0	0	0	0	0	0	0	0	0	0	0	199	220	210	213	210	210	209	209	206	217	166	0	0	0	0	0	0	0	0	0	0	0	0	0	0	0	0	0	169	221	214	232	234	234	230	231	213	221	177	0	0	0	0	0	0	0	0	0	0	0	0	0	0	0	0	0	203	182	149	146	148	149	145	152	145	185	169	0	0	0	0	0	0	0	0	0	0	0	0	0	0	0	0	0	44	113	119	123	124	131	133	127	113	108	36	0	0	0	0	0	0	0	0
0	0	0	0	0	0	0	0	0	0	1	0	0	87	102	106	117	108	103	105	102	117	139	138	127	0	0	0	0	0	0	0	0	0	0	0	0	0	4	0	14	194	209	226	246	253	253	254	255	254	243	244	232	0	0	0	0	0	0	0	0	0	0	0	0	0	5	0	82	232	226	231	232	234	230	231	233	236	234	235	205	0	0	0	0	0	0	0	0	0	0	0	0	0	11	0	160	230	223	234	236	237	239	240	243	242	235	242	198	0	0	0	0	0	0	0	0	0	0	0	0	2	5	0	197	226	225	232	234	234	237	240	242	238	234	244	227	0	0	0	0	0	0	0	0	0	0	0	0	4	0	5	198	223	226	232	235	234	236	239	237	236	237	246	213	0	0	0	0	0	0	0	0	0	0	0	0	3	0	57	210	217	229	232	234	234	239	240	233	236	240	242	231	32	0	0	0	0	0	0	0	0	0	0	0	7	0	110	213	219	226	230	233	236	240	240	236	241	244	230	238	124	0	0	0	0	0	0	0	0	0	0	0	2	0	135	206	222	225	233	234	238	242	238	240	241	235	235	238	227	0	0	0	0	0	0	0	0	0	0	1	0	0	195	211	224	233	235	237	239	243	241	236	237	234	240	238	230	49	0	0	0	0	0	0	0	0	0	3	0	24	182	168	169	201	235	243	244	241	235	235	240	240	244	235	218	96	0	0	1	0	0	0	0	0	0	3	0	57	161	144	155	165	194	217	234	234	228	238	242	241	241	222	227	94	0	0	1	0	1	0	0	0	0	1	0	103	156	146	179	204	197	183	199	229	237	243	240	238	231	197	231	57	0	0	0	0	1	0	1	1	2	0	1	142	142	156	180	193	195	190	211	238	248	244	233	217	208	223	241	47	0	0	0	0	0	0	1	0	2	0	39	153	146	181	197	205	205	193	188	235	241	225	226	217	233	235	244	64	0	0	1	0	0	1	0	0	1	0	104	152	155	181	193	206	200	183	173	224	226	242	184	238	238	232	244	78	0	0	1	0	0	2	3	10	0	15	132	133	160	186	204	204	194	185	187	225	246	65	0	248	234	233	243	82	0	0	1	4	9	4	0	0	6	159	144	157	186	197	208	205	201	185	210	242	25	0	49	249	233	233	242	83	0	0	0	0	0	0	0	68	191	200	161	183	213	225	221	214	192	202	246	29	0	0	102	236	231	226	240	88	0	0	0	53	140	159	204	214	198	196	197	178	199	227	230	218	200	240	62	0	4	0	127	236	231	225	239	91	0	0	28	188	224	233	233	206	174	202	190	191	206	201	226	211	223	125	0	0	1	0	151	236	228	226	241	91	0	0	94	166	171	190	221	238	228	221	217	215	208	196	210	215	243	0	0	2	0	0	171	237	228	227	243	86	0	0	75	222	204	172	162	195	196	208	209	206	220	218	205	238	153	0	0	1	0	0	186	234	229	229	243	79	0	0	44	219	229	227	221	217	206	198	194	189	198	219	228	240	30	0	5	1	0	0	202	236	233	230	241	74	0	0	18	217	227	220	227	230	232	241	238	240	240	233	241	195	0	0	0	1	0	0	185	235	234	232	231	67	0	0	0	118	213	238	236	233	228	227	226	230	232	231	246	94	0	10	0	2	0	0	194	233	231	224	231	62	0	0	1	0	0	82	180	242	250	239	241	242	242	246	199	0	0	2	0	1	0	0	202	244	242	240	255	49	0	0	1	0	0	0	0	0	28	86	120	140	144	97	0	0	3	0	1	0	3	0	84	129	108	103	69	0	0
0	0	0	0	0	0	0	0	0	0	0	0	0	0	0	0	0	0	0	0	0	0	0	0	0	0	0	0	0	0	0	0	0	0	0	0	0	0	0	0	0	0	0	0	0	0	0	0	0	0	0	0	0	0	0	0	0	0	0	0	0	0	0	0	0	0	0	0	0	0	0	0	0	0	0	0	0	0	0	0	0	0	0	0	0	0	0	0	0	0	0	0	0	0	0	0	0	0	0	0	0	0	0	0	0	0	0	0	0	0	0	0	0	0	0	0	0	0	0	0	0	0	0	0	0	0	0	0	0	0	0	0	0	0	0	0	0	0	0	0	0	0	0	0	0	0	0	0	0	0	0	0	0	0	0	0	0	0	0	0	0	0	0	0	0	0	0	0	0	0	0	0	0	0	0	0	0	0	0	0	0	0	0	0	0	0	0	0	0	0	0	0	0	0	0	0	0	0	0	0	0	0	0	0	0	0	0	0	0	0	0	0	0	0	0	0	0	0	0	0	0	0	0	0	0	0	0	0	0	0	0	0	0	0	0	0	0	2	0	0	0	1	55	0	0	2	3	0	3	5	0	0	0	0	0	0	0	0	0	0	1	0	0	2	0	0	0	62	40	101	175	0	0	1	0	2	0	0	1	0	0	0	0	0	0	0	0	0	0	4	0	0	0	0	121	254	196	168	221	34	0	1	2	0	22	59	0	0	0	0	0	0	0	0	0	0	0	0	0	0	94	235	212	194	210	203	214	166	0	0	0	0	161	202	63	0	0	0	0	2	2	0	0	0	0	32	127	215	230	200	205	227	219	215	154	177	209	129	51	99	186	178	173	0	0	1	1	0	0	0	0	98	213	227	225	202	209	219	209	207	214	232	242	196	168	184	193	185	174	189	240	30	0	0	0	19	91	175	220	228	207	202	206	204	194	187	185	184	188	207	234	242	230	216	183	187	232	225	255	74	0	56	154	190	202	207	198	201	207	188	171	173	187	197	194	202	200	199	202	219	226	240	241	235	226	217	229	76	46	226	219	200	194	198	208	210	206	193	171	178	185	189	191	200	209	206	199	211	222	224	222	223	225	220	238	100	0	75	142	189	214	221	223	226	229	255	255	254	250	239	241	242	241	238	238	250	254	255	254	254	255	219	255	100	0	0	0	0	37	43	44	44	43	50	60	69	67	54	46	37	28	17	13	16	22	22	15	11	14	11	5	0	0	0	4	0	0	0	0	0	0	0	0	0	0	0	0	0	0	7	11	8	9	7	16	12	12	10	18	0	0	0	0	0	0	0	0	0	0	0	0	0	0	0	0	0	0	0	0	0	0	0	0	0	0	0	0	0	0	0	0	0	0	0	0	0	0	0	0	0	0	0	0	0	0	0	0	0	0	0	0	0	0	0	0	0	0	0	0	0	0	0	0	0	0	0	0	0	0	0	0	0	0	0	0	0	0	0	0	0	0	0	0	0	0	0	0	0	0	0	0	0	0	0	0	0	0	0	0	0	0	0	0	0	0	0	0	0	0	0	0	0	0	0	0	0	0	0	0	0	0	0	0	0	0	0	0	0	0	0	0	0	0	0	0	0	0	0	0	0	0	0	0	0	0	0	0	0	0	0	0	0	0	0	0	0	0	0	0	0	0	0	0	0	0	0	0	0	0	0	0	0	0	0	0	0	0	0	0	0	0	0	0	0	0	0	0	0	0	0	0	0	0	0	0	0	0	0	0	0	0	0	0	0	0	0	0	0	0	0	0	0	0	0	0	0	0	0	0	0	0	0	0	0
0	0	0	0	0	0	0	0	0	33	143	108	115	116	114	112	106	120	75	0	0	0	0	0	0	0	0	0	0	0	0	0	0	0	0	0	0	176	255	255	255	255	255	255	254	255	240	0	0	0	0	0	0	0	0	0	0	0	0	0	0	0	0	0	0	246	232	224	217	221	221	216	220	216	255	39	0	0	0	0	0	0	0	0	0	0	0	0	0	0	0	0	52	255	227	231	225	228	227	224	232	216	255	130	0	0	0	0	0	0	0	0	0	0	0	0	0	0	0	0	102	255	222	227	223	230	225	225	230	219	239	174	0	0	0	0	0	0	0	0	0	0	0	0	0	0	0	0	113	255	222	224	223	227	223	227	224	223	233	176	0	0	0	0	0	0	0	0	0	0	0	0	0	0	0	0	126	255	217	224	226	226	226	227	225	222	228	196	0	0	0	0	0	0	0	0	0	0	0	0	0	0	0	0	146	255	223	222	225	222	227	228	229	227	216	223	0	0	0	0	0	0	0	0	0	0	0	0	0	0	0	0	139	255	220	223	224	224	247	234	229	227	220	213	0	0	0	0	0	0	0	0	0	0	0	0	0	0	0	0	121	255	220	222	232	213	163	255	229	225	222	200	0	0	0	0	0	0	0	0	0	0	0	0	0	0	0	0	100	255	220	219	239	206	36	255	227	222	231	169	0	0	0	0	0	0	0	0	0	0	0	0	0	0	0	0	66	255	221	216	248	182	0	255	227	223	230	176	0	0	0	0	0	0	0	0	0	0	0	0	0	0	0	0	34	255	224	211	255	133	0	255	234	217	229	184	0	0	0	0	0	0	0	0	0	0	0	0	0	0	0	0	45	255	226	219	255	95	0	254	240	215	229	181	0	0	0	0	0	0	0	0	0	0	0	0	0	0	0	0	46	255	225	218	255	42	0	255	236	214	235	168	0	0	0	0	0	0	0	0	0	0	0	0	0	0	0	0	13	255	226	220	255	0	0	243	241	218	243	150	0	0	0	0	0	0	0	0	0	0	0	0	0	0	0	0	0	253	232	223	239	0	0	195	245	215	251	117	0	0	0	0	0	0	0	0	0	0	0	0	0	0	0	0	0	254	232	229	228	0	0	143	250	215	255	77	0	0	0	0	0	0	0	0	0	0	0	0	0	0	0	0	0	243	233	230	196	0	0	102	250	217	255	23	0	0	0	0	0	0	0	0	0	0	0	0	0	0	0	0	0	221	234	233	163	0	0	80	248	219	255	23	0	0	0	0	0	0	0	0	0	0	0	0	0	0	0	0	0	229	232	237	115	0	0	30	234	224	255	48	0	0	0	0	0	0	0	0	0	0	0	0	0	0	0	0	0	240	232	240	97	0	0	17	232	226	255	51	0	0	0	0	0	0	0	0	0	0	0	0	0	0	0	0	0	247	229	239	91	0	0	30	236	224	255	28	0	0	0	0	0	0	0	0	0	0	0	0	0	0	0	0	0	244	228	236	72	0	0	7	230	227	219	3	0	0	0	0	0	0	0	0	0	0	0	0	0	0	0	0	0	233	231	233	57	0	0	0	216	233	214	0	0	0	0	0	0	0	0	0	0	0	0	0	0	0	0	0	0	198	237	222	17	0	0	0	190	242	198	0	0	0	0	0	0	0	0	0	0	0	0	0	0	0	0	0	0	175	251	209	0	0	0	0	188	255	179	0	0	0	0	0	0	0	0	0	0	0	0	0	0	0	0	0	0	77	225	135	0	0	2	0	86	243	160	0	0	0	0	0	0	0	0	0
0	0	0	0	0	0	0	0	0	0	0	0	0	0	0	0	0	0	0	0	0	0	0	0	0	0	0	0	0	0	0	0	0	0	0	0	0	0	0	0	0	0	0	0	0	0	0	0	0	0	0	0	0	0	0	0	0	0	0	0	0	0	0	0	0	0	0	0	0	0	0	0	0	0	0	0	0	0	0	0	0	0	0	0	0	0	0	0	0	0	0	0	0	0	0	0	0	0	0	0	0	0	0	0	0	0	0	0	0	0	0	0	0	0	0	0	0	0	0	0	0	0	0	0	0	0	0	0	0	0	0	0	0	0	0	0	0	0	0	0	0	0	0	31	123	115	117	115	115	114	114	114	116	101	98	98	97	96	98	98	97	96	105	102	103	65	1	0	0	0	45	190	196	197	213	217	216	213	214	213	213	220	223	224	224	224	227	227	225	225	222	224	209	206	167	0	4	0	167	206	194	199	196	199	200	200	200	200	200	200	201	201	203	202	201	202	203	203	204	203	200	206	215	75	0	22	199	203	204	203	203	202	203	205	205	204	205	205	204	206	206	207	206	207	208	207	209	210	210	206	220	106	0	121	208	205	204	206	205	205	205	205	205	205	205	206	206	207	207	208	206	207	207	207	210	211	213	207	225	115	49	116	209	205	208	206	207	207	206	205	206	205	205	205	206	207	207	207	207	208	209	209	210	210	213	201	251	133	25	74	215	206	206	207	206	207	206	204	204	204	204	204	205	205	206	207	209	209	210	209	213	214	215	204	249	124	0	85	207	205	206	206	206	204	204	206	205	205	205	206	206	206	206	207	209	209	209	211	213	213	215	205	246	132	0	13	194	211	205	206	206	204	205	206	205	205	205	206	206	206	206	206	209	208	209	210	211	211	215	204	246	134	0	0	194	211	204	206	206	204	205	206	205	205	205	206	206	206	206	206	207	208	208	210	210	211	213	203	245	135	0	1	201	207	207	205	206	204	205	206	205	205	205	206	206	206	206	206	207	207	208	209	209	210	213	202	245	135	0	8	206	207	207	205	206	204	205	206	205	205	205	206	206	206	206	206	206	207	207	209	213	210	211	203	242	142	0	15	209	207	206	206	206	204	205	206	205	205	205	206	206	206	206	206	206	207	207	209	206	210	214	202	241	149	0	13	208	207	206	206	206	204	205	206	205	205	205	206	206	206	206	206	206	207	207	208	214	211	208	199	239	149	0	15	208	206	206	206	206	204	205	205	205	205	205	206	206	206	206	206	206	207	207	209	206	207	220	214	239	150	0	19	209	206	207	207	207	206	206	207	207	207	207	208	208	208	208	208	207	208	208	210	210	214	202	183	219	158	0	2	202	208	199	202	199	199	199	200	199	200	200	199	199	199	199	197	199	200	201	201	208	148	124	156	221	152	0	0	123	223	209	211	223	223	225	230	230	230	230	232	232	232	232	233	236	235	234	233	234	248	224	230	255	23	0	0	0	73	172	156	156	159	150	138	142	142	142	137	137	137	138	136	132	132	130	129	130	132	132	114	25	0	0	0	0	0	0	0	0	0	0	0	0	0	0	0	0	0	0	0	0	0	0	0	0	0	0	0	0	0	0	0	0	0	0	0	0	0	0	0	0	0	0	0	0	0	0	0	0	0	0	0	0	0	0	0	0	0	0	0	0	0	0	0	0	0	0	0	0	0	0	0	0	0	0	0	0	0	0	0	0	0	0	0	0	0	0	0	0	0	0	0	0	0	0	0	0	0	0	0	0	0	0	0	0	0	0	0	0	0	0	0	0	0
0	0	0	0	0	0	0	0	3	42	111	180	113	155	136	138	195	66	47	21	0	0	0	0	0	0	0	0	0	0	0	0	0	0	50	106	122	128	83	66	113	247	169	145	119	70	102	106	90	47	0	0	0	0	0	0	0	0	0	0	0	93	127	90	79	85	89	74	34	20	31	37	40	66	61	59	64	98	42	0	0	0	0	0	0	0	0	0	27	107	66	80	82	82	83	77	66	61	64	60	64	73	66	63	51	50	60	0	0	0	0	0	0	0	0	0	59	85	66	73	78	75	78	79	65	63	65	66	64	64	63	60	54	44	63	12	0	0	0	0	0	0	0	0	74	83	75	69	74	75	75	71	66	64	65	64	59	58	58	55	47	49	74	25	0	0	0	0	0	0	0	0	82	78	80	82	59	69	69	66	59	58	59	58	54	51	49	44	47	53	71	31	0	0	0	0	0	0	0	0	84	83	73	164	79	56	65	64	56	54	61	61	51	46	47	34	60	61	64	37	0	0	0	0	0	0	0	2	84	84	53	200	118	55	69	66	59	60	61	61	59	50	46	23	103	63	60	46	0	0	0	0	0	0	0	7	80	84	45	212	136	65	74	65	59	56	59	60	55	54	44	18	133	59	60	58	0	0	0	0	0	0	0	7	83	75	58	215	136	51	70	61	65	60	58	56	54	54	46	22	133	64	61	66	0	0	0	0	0	0	0	7	82	71	56	241	145	45	87	60	64	64	60	56	56	51	49	21	121	73	70	69	0	0	0	0	0	0	0	20	83	70	63	255	161	46	102	60	71	66	60	61	61	55	44	22	128	77	73	74	0	0	0	0	0	0	0	29	85	61	71	215	150	55	100	58	69	63	61	61	63	63	45	30	146	92	71	75	0	0	0	0	0	0	0	29	88	51	73	181	117	69	90	56	74	69	60	63	64	64	50	26	93	103	69	77	3	0	0	0	0	0	0	27	92	79	133	186	97	80	79	68	74	70	63	64	63	64	51	35	44	80	66	78	10	0	0	0	0	0	0	35	94	70	114	164	107	84	71	69	71	70	68	66	60	65	59	36	41	84	77	80	17	0	0	0	0	0	0	44	95	65	90	123	113	83	65	75	71	70	66	68	64	64	59	37	36	90	75	77	18	0	0	0	0	0	0	51	89	71	93	87	121	83	73	75	73	70	65	68	68	68	64	42	34	92	74	73	22	0	0	0	0	0	0	54	84	60	117	74	113	83	73	73	74	70	68	68	66	65	64	42	32	88	77	73	32	0	0	0	0	0	0	56	83	59	150	70	99	75	74	74	74	71	70	70	69	66	68	49	30	83	82	68	35	0	0	0	0	0	0	56	82	61	155	61	100	75	75	75	73	69	70	68	69	65	73	53	30	82	83	69	37	0	0	0	0	0	0	60	79	70	140	60	103	70	75	77	73	70	70	70	73	65	69	55	26	78	80	73	40	0	0	0	0	0	0	64	71	88	111	59	100	63	78	74	75	75	71	73	75	75	61	69	35	64	87	70	45	0	0	0	0	0	0	58	70	99	68	58	97	68	77	70	74	75	73	69	65	74	69	69	29	63	107	58	39	0	0	0	0	0	0	53	78	109	27	30	136	83	82	85	80	73	74	73	70	69	70	89	8	49	128	69	40	0	0	0	0	0	0	37	118	108	0	11	159	121	117	118	114	107	103	100	99	97	90	108	25	0	138	97	39	0	0	0	0	0	0	18	109	95	0	0	8	7	12	12	15	18	18	17	17	10	8	10	0	0	117	103	23	0	0	0
